time,volume,v_rel
0.0,239.93149662017822,0.0
0.100000001490116,239.93139827251434,-4.098989305896886e-07
0.200000002980232,239.93132746219635,-7.050261606142643e-07
0.300000011920929,239.93124252557755,-1.0590297824871771e-06
0.400000005960464,239.9311471581459,-1.4565075333620268e-06
0.5,239.93104815483093,-1.8691391234889798e-06
0.600000023841858,239.93090403079987,-2.4698273744985962e-06
0.699999988079071,239.93069767951965,-3.329869857954052e-06
0.800000011920929,239.93036872148514,-4.700919674877986e-06
0.899999976158142,239.9298597574234,-6.822208746578199e-06
1.0,239.92903316020966,-1.0267347152285957e-05
1.10000002384186,239.9274798631668,-1.6741266019660067e-05
1.20000004768372,239.92426300048828,-3.0148687403857336e-05
1.29999995231628,239.9166703224182,-6.179387853975848e-05
1.39999997615814,239.89530438184738,-0.00015084404857497688
1.5,239.82385236024857,-0.0004486458070157518
1.60000002384186,239.55937671661377,-0.0015509422848036278
1.70000004768372,238.64386451244354,-0.005366665593609232
1.79999995231628,236.31059050559998,-0.015091416365023121
1.89999997615814,232.43931943178177,-0.031226317902967485
2.0,227.79626017808914,-0.05057792166944916
2.09999990463257,223.12238365411758,-0.07005796739004291
2.20000004768372,218.8258571624756,-0.08796527240070429
2.29999995231628,215.0927370786667,-0.1035243804644471
2.40000009536743,211.99273163080215,-0.11644475770350536
2.5,209.53502410650253,-0.12668812949470573
2.59999990463257,207.694719851017,-0.13435825318171302
2.70000004768372,206.4080559015274,-0.1397208836308801
2.79999995231628,205.4097575545311,-0.14388164768669995
2.90000009536743,204.59746748209,-0.14726715598337428
3.0,203.93209838867188,-0.15004031875187662
3.09999990463257,203.42993891239166,-0.15213324728920471
3.20000004768372,203.1201484799385,-0.1534244092950983
3.29999995231628,203.02087098360062,-0.153838183633759
3.40000009536743,203.13992869853973,-0.15334196818636575
3.5,203.47112703323364,-0.15196158112022656
3.59999990463257,204.02117013931274,-0.14966908049472577
3.70000004768372,204.76405507326126,-0.14657284284184047
3.79999995231628,205.70069682598114,-0.14266905461097462
3.90000009536743,206.80782610177994,-0.13805469888280014
4.0,208.07303309440613,-0.1327814979464968
4.09999990463257,209.47790509462357,-0.12692619332827315
4.19999980926514,211.0093658566475,-0.12054328494151685
4.30000019073486,212.64646726846695,-0.11372008150686709
4.40000009536743,214.36928248405457,-0.10653963525509838
4.5,216.15703123807907,-0.09908855534600838
4.59999990463257,217.97165006399155,-0.09152548483849142
4.69999980926514,219.82741624116898,-0.0837909180837348
4.80000019073486,221.67207437753677,-0.07610264804685853
4.90000009536743,223.48017036914825,-0.06856676377538343
5.0,225.23048597574234,-0.06127169984567807
5.09999990463257,226.89969539642334,-0.05431467484398173
5.19999980926514,228.46702712774277,-0.04778226141182372
5.30000019073486,229.91770964860916,-0.04173602512646063
5.40000009536743,231.24213701486588,-0.03621600218277292
5.5,232.4363967180252,-0.031238499353913828
5.59999990463257,233.5016885995865,-0.026798515872930164
5.69999980926514,234.4432149529457,-0.0228743693285117
5.80000019073486,235.26876306533813,-0.01943360342648716
5.90000009536743,235.98748165369034,-0.01643808762936793
6.0,236.6092118024826,-0.013846805711194041
6.09999990463257,237.1443104147911,-0.01161659158822049
6.19999980926514,237.60346513986588,-0.009702900674177515
6.30000019073486,237.9972094297409,-0.008061831054633798
6.40000009536743,238.33552312850952,-0.006651788173501852
6.5,238.62701350450516,-0.0054368981732236575
6.59999990463257,238.87364518642426,-0.004408972763707598
6.69999980926514,239.07410222291946,-0.003573496641068556
6.80000019073486,239.23350536823273,-0.002909127237473309
6.90000009536743,239.36182940006256,-0.002374291112839883
7.0,239.46588069200516,-0.0019406202800883413
7.09999990463257,239.55041521787643,-0.0015882925237825545
7.19999980926514,239.6192086338997,-0.0013015714513417932
7.30000019073486,239.67531621456146,-0.0010677231177459987
7.40000009536743,239.72112333774567,-0.0008768056107514139
7.5,239.75856578350067,-0.000720750877286062
7.59999990463257,239.78920936584473,-0.0005930328295277667
7.69999980926514,239.81430077552795,-0.0004884554395782167
7.80000019073486,239.8348966240883,-0.00040261490238131266
7.90000009536743,239.8518230319023,-0.0003320680669201014
8.0,239.8657677769661,-0.0002739483733399923
8.10000038146973,239.87725114822388,-0.00022608733208636877
8.19999980926514,239.88670194149017,-0.00018669778382185979
8.30000019073486,239.8943801522255,-0.00015469610482814276
8.39999961853027,239.90058946609497,-0.00012881657689227562
8.5,239.90535551309586,-0.00010895237786871071
8.60000038146973,239.908536195755,-9.569574960625158e-05
8.69999980926514,239.90933501720428,-9.236637659548612e-05
8.80000019073486,239.90436631441116,-0.00011307521583966008
8.89999961853027,239.8801897764206,-0.00021383955204034888
9.0,239.77959871292114,-0.0006330886498721797
9.10000038146973,239.3921441435814,-0.0022479436180513233
9.19999980926514,238.2062081694603,-0.007190754340390462
9.30000019073486,235.67485982179642,-0.017741050501261377
9.39999961853027,231.8767767548561,-0.033570914943581075
9.5,227.44080466032028,-0.05205940918891211
9.60000038146973,222.97813260555267,-0.07065918503173198
9.69999980926514,218.8469536304474,-0.08787734535373888
9.80000019073486,215.2156547307968,-0.10301207735351078
9.89999961853027,212.14105772972107,-0.11582655583752141
10.0,209.5778237581253,-0.12650974669700857
10.1000003814697,207.49522918462753,-0.1351897016126177
10.1999998092651,205.8390212059021,-0.14209253847253728
10.3000001907349,204.56037271022797,-0.1474217616620141
10.3999996185303,203.62412697076797,-0.15132389936651944
10.5,203.02369594573975,-0.15382640959750732
10.6000003814697,202.7557896375656,-0.15494300459211213
10.6999998092651,202.74937319755554,-0.15496974739203817
10.8000001907349,202.90617895126343,-0.1543162035434116
10.8999996185303,203.21811640262604,-0.15301609307122788
11.0,203.67200952768326,-0.15112433174997145
11.1000003814697,204.29114991426468,-0.14854384358854616
11.1999998092651,205.08616137504578,-0.14523035006235174
11.3000001907349,206.0552790760994,-0.14119120674559174
11.3999996185303,207.1899597644806,-0.13646202068888388
11.5,208.47701638936996,-0.13109775362507758
11.6000003814697,209.90027326345444,-0.1251658234944639
11.6999998092651,211.44169163703918,-0.11874141321362078
11.8000001907349,213.07365542650223,-0.11193962265068141
11.8999996185303,214.78282779455185,-0.1048160378269877
12.0,216.53887289762497,-0.09749709417928057
12.1000003814697,218.31542372703552,-0.0900926856108511
12.1999998092651,220.08536553382874,-0.08271582249898085
12.3000001907349,221.82718604803085,-0.07545616489362905
12.3999996185303,223.51832681894302,-0.068407733175682
12.5,225.1434942483902,-0.06163426886465874
12.6000003814697,226.68984121084213,-0.055189316933650416
12.6999998092651,228.14846909046173,-0.04910996553474397
12.8000001907349,229.513886988163,-0.043419099946293206
12.8999996185303,230.78068208694458,-0.0381392800117434
13.0,231.9473618865013,-0.03327672625789575
13.1000003814697,233.01102954149246,-0.028843512319856674
13.1999998092651,233.97119390964508,-0.024841685208043175
13.3000001907349,234.8285476565361,-0.021268357991865928
13.3999996185303,235.58515173196793,-0.018114940928704935
13.5,236.2452808022499,-0.015363617823648017
13.6000003814697,236.8153594136238,-0.012987612091160297
13.6999998092651,237.30399852991104,-0.010951034471420911
13.8000001907349,237.72043293714523,-0.009215395703271078
13.8999996185303,238.07502710819244,-0.0077374981531693155
14.0,238.37761270999908,-0.0064763648460835575
14.1000003814697,238.63657331466675,-0.0053970542582051795
14.1999998092651,238.8585484623909,-0.00447189374009468
14.3000001907349,239.04783076047897,-0.003682992321337994
14.3999996185303,239.20626896619797,-0.003022644647310817
14.5,239.33560317754745,-0.0024835982396012495
14.6000003814697,239.4404343366623,-0.0020466770325419286
14.6999998092651,239.52571940422058,-0.001691221126336757
14.8000001907349,239.59641325473785,-0.0013965793160154371
14.8999996185303,239.6551564335823,-0.0011517461879270274
15.0,239.70388001203537,-0.0009486733144635011
15.1000003814697,239.7442027926445,-0.0007806137592273515
15.1999998092651,239.77753734588623,-0.0006416801314573395
15.3000001907349,239.80508828163147,-0.0005268517903127271
15.3999996185303,239.82781893014908,-0.0004321137136624896
15.5,239.8466209769249,-0.00035374948453594727
15.6000003814697,239.8621826171875,-0.0002888908041133494
15.6999998092651,239.87509030103683,-0.00023509343265040999
15.8000001907349,239.88598161935806,-0.00018969998295893637
15.8999996185303,239.89544886350632,-0.00015024186978240147
16.0,239.90444195270538,-0.00011275996629849747
16.1000003814697,239.9146729707718,-7.011855318464361e-05
16.2000007629395,239.92480689287186,-2.788182210589921e-05
16.2999992370605,239.91449320316315,-7.08677987450427e-05
16.3999996185303,239.84353202581406,-0.00036662378888678365
16.5,239.59394419193268,-0.001406870014985587
16.6000003814697,238.96583449840546,-0.004024740958880653
16.7000007629395,237.71593362092972,-0.009234148206710164
16.7999992370605,235.5480841398239,-0.018269433326185757
16.8999996185303,232.29740911722183,-0.031817779701684916
17.0,228.30147355794907,-0.04847226490084367
17.1000003814697,224.10339707136154,-0.06596924443760394
17.2000007629395,220.07743579149246,-0.08274887252554251
17.2999992370605,216.40759336948395,-0.0980442483878372
17.3999996185303,213.19504392147064,-0.11143369284705677
17.5,210.47702407836914,-0.12276200897640699
17.6000003814697,208.2478912472725,-0.13205271429228913
17.7000007629395,206.4813939332962,-0.13941522125306857
17.7999992370605,205.1355853676796,-0.14502435796323163
17.8999996185303,204.16170746088028,-0.14908334113350297
18.0,203.51150012016296,-0.15179331189547685
18.1000003814697,203.1479080915451,-0.15330871122295003
18.2000007629395,203.05514961481094,-0.15369531522467894
18.2999992370605,203.24263083934784,-0.1529139204216711
18.3999996185303,203.70783483982086,-0.15097501699704297
18.5,204.38153219223022,-0.1481671432418275
18.6000003814697,205.18799954652786,-0.14480590319765643
18.7000007629395,206.1002390384674,-0.14100382008314288
18.7999992370605,207.1266349554062,-0.1367259493933951
18.8999996185303,208.27773714065552,-0.13192832089749332
19.0,209.55338871479034,-0.12661158844633774
19.1000003814697,210.93923634290695,-0.12083557467724737
19.2000007629395,212.41643869876862,-0.1146788075304974
19.2999992370605,213.96383476257324,-0.10822948309580586
19.3999996185303,215.5553931593895,-0.10159609640320436
19.5,217.1778553724289,-0.09483390704543185
19.6000003814697,218.80055218935013,-0.0880707398923922
19.7000007629395,220.41331326961517,-0.08134898346198026
19.7999992370605,222.00410038232803,-0.07471881137068895
19.8999996185303,223.56088769435883,-0.0682303455629036
20.0,225.0716181397438,-0.06193383815697294
20.1000003814697,226.52633088827133,-0.055870804461857874
20.2000007629395,227.9170708656311,-0.05007440008414763
20.2999992370605,229.23416513204575,-0.04458494044684266
20.3999996185303,230.47104889154434,-0.03942978667619521
20.5,231.62199103832245,-0.03463282519764412
20.6000003814697,232.68194943666458,-0.03021507090830173
20.7000007629395,233.64875423908234,-0.026185567420694812
20.7999992370605,234.5208368897438,-0.022550852250130888
20.8999996185303,235.29823899269104,-0.01931075199694114
21.0,235.98349457979202,-0.01645470518043763
21.1000003814697,236.58032995462418,-0.013967181102775707
21.2000007629395,237.09449273347855,-0.01182422452518093
21.2999992370605,237.533542573452,-0.009994327883188634
21.3999996185303,237.90636146068573,-0.008440472334894688
21.5,238.22201645374298,-0.007124867683134664
21.6000003814697,238.49006700515747,-0.00600767150343165
21.7000007629395,238.71913677453995,-0.005052941621739193
21.7999992370605,238.91654300689697,-0.004230180812350638
21.8999996185303,239.08782923221588,-0.0035162844388784134
22.0,239.23641687631607,-0.002896992490162694
22.1000003814697,239.36385649442673,-0.002365842474821444
22.2000007629395,239.46979361772537,-0.0019243117679699463
22.2999992370605,239.55204796791077,-0.0015814874562639829
22.3999996185303,239.61764365434647,-0.0013080940612336495
22.5,239.67262172698975,-0.001078953354749779
22.6000003814697,239.71853345632553,-0.0008875998643472033
22.7000007629395,239.7568400502205,-0.0007279434856117367
22.7999992370605,239.78881460428238,-0.0005946781389927943
22.8999996185303,239.81564956903458,-0.0004828338620628748
23.0,239.83860850334167,-0.00038714432304648064
23.1000003814697,239.8594160079956,-0.00030042163366622874
23.2000007629395,239.88141894340515,-0.00020871656067876067
23.2999992370605,239.91252785921097,-7.905906991979046e-05
23.3999996185303,239.9511781334877,8.202971926039137e-05
23.5,239.98990696668625,0.00024344593073785634
23.6000003814697,240.03738802671432,0.00044134016595467207
23.7000007629395,240.02368193864822,0.0003842151604461273
23.7999992370605,239.8301416039467,-0.00042243314303993265
23.8999996185303,239.31350511312485,-0.0025756997966452154
24.0,238.44641214609146,-0.006189618682859772
24.1000003814697,237.18850380182266,-0.011432399901617898
24.2000007629395,235.4895879626274,-0.0185132369868994
24.2999992370605,233.29074048995972,-0.027677717280824975
24.3999996185303,230.58762657642365,-0.03894390763771345
24.5,227.43580317497253,-0.05208025466113315
24.6000003814697,223.97418349981308,-0.06650778803595865
24.7000007629395,220.51992094516754,-0.08090465798969292
24.7999992370605,217.2358559370041,-0.09459216902690479
24.8999996185303,214.24800860881805,-0.1070450873401512
25.0,211.6194697022438,-0.11800045978437572
25.1000003814697,209.4038091301918,-0.12723501466050974
25.2000007629395,207.6068160533905,-0.1347246235785336
25.2999992370605,206.21508806943893,-0.1405251458257429
25.3999996185303,205.20749706029892,-0.14472464036203164
25.5,204.54260057210922,-0.14749583337985478
25.6000003814697,204.18419539928436,-0.1489896146377287
25.7000007629395,204.09193414449692,-0.14937414628983398
25.7999992370605,204.2324206829071,-0.1487886185855135
25.8999996185303,204.59105294942856,-0.1472938908337453
26.0,205.1786087155342,-0.1448450428317851
26.1000003814697,206.0137083530426,-0.14136446754562168
26.2000007629395,207.06419283151627,-0.13698619919289837
26.2999992370605,208.2152897119522,-0.13218859280669648
26.3999996185303,209.43124550580978,-0.12712066378951337
26.5,210.70538538694382,-0.12181023185755635
26.6000003814697,212.03652119636536,-0.11626224908675413
26.7000007629395,213.42086839675903,-0.110492488884803
26.7999992370605,214.84883946180344,-0.10454091068369277
26.8999996185303,216.30814278125763,-0.09845874414861576
27.0,217.787024974823,-0.09229497567970772
27.1000003814697,219.27802497148514,-0.08608070194880837
27.2000007629395,220.77052068710327,-0.07986019427623374
27.2999992370605,222.25297713279724,-0.07368152883807011
27.3999996185303,223.71346700191498,-0.06759441693450143
27.5,225.14036667346954,-0.06164730414749868
27.6000003814697,226.52273815870285,-0.05588577844242771
27.7000007629395,227.8488889336586,-0.0503585725789345
27.7999992370605,229.1125826239586,-0.045091678869266745
27.8999996185303,230.30795788764954,-0.040109526544416796
28.0,231.42483031749725,-0.03545456275024777
28.1000003814697,232.46143013238907,-0.031134163680121528
28.2000007629395,233.4148765206337,-0.027160336143197624
28.2999992370605,234.2825050354004,-0.02354418517098831
28.3999996185303,235.0645411014557,-0.020284771225459956
28.5,235.76161402463913,-0.01737947145030398
28.6000003814697,236.3757688999176,-0.014819762183576458
28.7000007629395,236.91098499298096,-0.01258905841769855
28.7999992370605,237.37217015028,-0.010666904953915854
28.8999996185303,237.76562827825546,-0.009027028016048355
29.0,238.0990543961525,-0.0076373558696487456
29.1000003814697,238.380168735981,-0.006465711697089329
29.2000007629395,238.6176894903183,-0.005475759324503097
29.2999992370605,238.81968122720718,-0.004633886791158103
29.3999996185303,238.9932959675789,-0.00391028550155108
29.5,239.14445650577545,-0.003280270099963945
29.6000003814697,239.27733409404755,-0.002726455406420623
29.7000007629395,239.3944410085678,-0.0022383706148450967
29.7999992370605,239.49645459651947,-0.001813192639511779
29.8999996185303,239.58265787363052,-0.0014539097678364654
30.0,239.65020656585693,-0.0011723765253154037
30.1000003814697,239.70123082399368,-0.0009597147495356158
30.2000007629395,239.74542874097824,-0.0007755041827398554
30.2999992370605,239.7864190340042,-0.0006046625316711762
30.3999996185303,239.83225619792938,-0.00041361981918506575
30.5,239.89220869541168,-0.00016374642479196879
30.6000003814697,239.9648027420044,0.00013881512971553246
30.7000007629395,240.03170704841614,0.00041766266475865157
30.7999992370605,240.10104370117188,0.0007066478698378337
30.8999996185303,240.10111045837402,0.0007069261042634462
31.0,239.91628217697144,-6.341161298581912e-05
31.1000003814697,239.51435500383377,-0.001738586314096164
31.2000007629395,238.8805050253868,-0.004380381940663576
31.2999992370605,238.03257131576538,-0.00791444779515097
31.3999996185303,236.98520052433014,-0.012279738747731798
31.5,235.73797982931137,-0.01747797538022016
31.6000003814697,234.2814164161682,-0.023548722379514546
31.7000007629395,232.59647488594055,-0.030571316553113168
31.7999992370605,230.66000193357468,-0.03864225754937342
31.8999996185303,228.45740962028503,-0.047822345800881474
32.0,225.9900506734848,-0.058105943334164765
32.0999984741211,223.30363738536835,-0.06930252788416723
32.2000007629395,220.53816723823547,-0.08082861006215959
32.2999992370605,217.81720411777496,-0.09216919334859619
32.4000015258789,215.23325872421265,-0.1029387064386296
32.5,212.8683990240097,-0.11279510184113324
32.5999984741211,210.79879117012024,-0.1214209299755934
32.7000007629395,209.06245344877243,-0.12865773608820022
32.7999992370605,207.67768043279648,-0.134429271028309
32.9000015258789,206.64223664999008,-0.13874485192282385
33.0,205.9487754702568,-0.14163509847028344
33.0999984741211,205.5637687444687,-0.143239751178292
33.2000007629395,205.45859795808792,-0.1436780879029916
33.2999992370605,205.60057950019836,-0.14308632923807899
33.4000015258789,205.95713818073273,-0.1416002438947328
33.5,206.4993577003479,-0.1393403508533722
33.5999984741211,207.2102062702179,-0.13637763616237314
33.7000007629395,208.09572631120682,-0.13268691587986375
33.7999992370605,209.1730300784111,-0.12819686858561585
33.9000015258789,210.40950793027878,-0.12304340657964556
34.0,211.73133444786072,-0.11753422359949499
34.0999984741211,213.06467962265015,-0.11197703251132297
34.2000007629395,214.4142392873764,-0.10635226175910004
34.2999992370605,215.78166145086288,-0.10065304267886745
34.4000015258789,217.16416853666306,-0.09489095181011944
34.5,218.55703991651535,-0.08908566405310074
34.5999984741211,219.95457792282104,-0.08326092646761375
34.7000007629395,221.3513766527176,-0.07743927007996684
34.7999992370605,222.73644870519638,-0.07166648879868547
34.9000015258789,224.1008216738701,-0.06597997832426632
35.0,225.43468046188354,-0.06042064656998224
35.0999984741211,226.72934687137604,-0.055024663017468486
35.2000007629395,227.97622245550156,-0.0498278647575911
35.2999992370605,229.16901314258575,-0.044856484576637046
35.4000015258789,230.29932022094727,-0.04014552709800791
35.5,231.36465567350388,-0.03570536201937681
35.5999984741211,232.3583928346634,-0.031563608330686894
35.7000007629395,233.2784499526024,-0.027728942474392566
35.7999992370605,234.123490691185,-0.02420693410747796
35.9000015258789,234.8923842906952,-0.02100229607395048
36.0,235.58515721559525,-0.018114918073734262
36.0999984741211,236.20316123962402,-0.015539166108134243
36.2000007629395,236.74894279241562,-0.013264427024354881
36.2999992370605,237.22504806518555,-0.011280088663295003
36.4000015258789,237.63603961467743,-0.009567134944081975
36.5,237.98706036806107,-0.008104130885305493
36.5999984741211,238.28415769338608,-0.006865871925935395
36.7000007629395,238.5344945192337,-0.005822504008950658
36.7999992370605,238.74492180347443,-0.004945473326422811
36.9000015258789,238.92293202877045,-0.004203552287277966
37.0,239.0752171278,-0.003568849877737235
37.0999984741211,239.2076135277748,-0.0030170407078706704
37.2000007629395,239.3246899843216,-0.0025290828607518303
37.2999992370605,239.42948818206787,-0.0020922990319401555
37.4000015258789,239.52377152442932,-0.0016993396093983757
37.5,239.60918420553207,-0.0013433518282778144
37.5999984741211,239.69101560115814,-0.0010022903303969811
37.7000007629395,239.78841072320938,-0.0005963614572677493
37.7999992370605,239.89867043495178,-0.00013681482293425478
37.9000015258789,239.98836642503738,0.00023702517451966174
38.0,240.03651523590088,0.0004377024992633843
38.0999984741211,240.021763920784,0.0003762211376052512
38.2000007629395,239.85486710071564,-0.0003193808255357705
38.2999992370605,239.48095667362213,-0.0018777857551120737
38.4000015258789,238.91886484622955,-0.004220503719658402
38.5,238.20410764217377,-0.007199509036277075
38.5999984741211,237.36322623491287,-0.010704181907934462
38.7000007629395,236.41106295585632,-0.01467266163014394
38.7999992370605,235.35297578573227,-0.01908261690916698
38.9000015258789,234.190165579319,-0.02392904275484929
39.0,232.91549009084702,-0.029241707021224663
39.0999984741211,231.51727432012558,-0.03506926943140239
39.2000007629395,229.9824342727661,-0.041466262193837346
39.2999992370605,228.2999575138092,-0.04847858355496461
39.4000015258789,226.46629357337952,-0.05612103136302565
39.5,224.4911064505577,-0.06435332745855918
39.5999984741211,222.3963139653206,-0.07308412151747036
39.7000007629395,220.23005282878876,-0.08211278664500514
39.7999992370605,218.0620095729828,-0.09114887938958578
39.9000015258789,215.9529551267624,-0.09993911525244593
40.0,213.96492385864258,-0.10822494389989087
40.0999984741211,212.15959525108337,-0.11574929411230636
40.2000007629395,210.58841580152512,-0.12229774428117061
40.2999992370605,209.28831952810287,-0.12771635872627762
40.4000015258789,208.28269213438034,-0.13190766919567584
40.5,207.57946062088013,-0.13483863709028893
40.5999984741211,207.16761380434036,-0.13655515543965652
40.7000007629395,207.0300269126892,-0.13712859783296164
40.7999992370605,207.14587354660034,-0.13664576570986392
40.9000015258789,207.49145901203156,-0.13520541515022777
41.0,208.0394012928009,-0.13292167046273157
41.0999984741211,208.75050044059753,-0.12995791139894206
41.2000007629395,209.59407877922058,-0.12644199810491352
41.2999992370605,210.5508577823639,-0.12245428070798531
41.4000015258789,211.6353999376297,-0.11793406485244598
41.5,212.86624854803085,-0.11280406471599187
41.5999984741211,214.20484334230423,-0.10722499396817577
41.7000007629395,215.5790085196495,-0.10149767097514398
41.7999992370605,216.9336251616478,-0.0958518234683337
41.9000015258789,218.2766850590706,-0.09025414281222162
42.0,219.60653847455978,-0.0847115048750507
42.0999984741211,220.9228110909462,-0.07922546975699311
42.2000007629395,222.2224110364914,-0.07380892393515581
42.2999992370605,223.50278091430664,-0.06847252627227571
42.4000015258789,224.76087671518326,-0.06322896376131351
42.5,225.98879253864288,-0.05811118705939318
42.5999984741211,227.18116295337677,-0.053141558513202514
42.7000007629395,228.33182400465012,-0.04834576860032213
42.7999992370605,229.4343410730362,-0.04375063588987432
42.9000015258789,230.48375368118286,-0.039376834938647264
43.0,231.4770336151123,-0.035236986907349194
43.0999984741211,232.4084603190422,-0.03135493425044276
43.2000007629395,233.27786886692047,-0.027731364356013366
43.2999992370605,234.080952167511,-0.024384228561408497
43.4000015258789,234.81753653287888,-0.02131425077298194
43.5,235.4884548187256,-0.018517959767850575
43.5999984741211,236.09320563077927,-0.015997445285289635
43.7000007629395,236.63394689559937,-0.013743713397491197
43.7999992370605,237.11175727844238,-0.011752268382669273
43.9000015258789,237.5302369594574,-0.010008105207304739
44.0,237.8923133611679,-0.008499022794987307
44.0999984741211,238.20201754570007,-0.007208220258034686
44.2000007629395,238.46437692642212,-0.006114744059962317
44.2999992370605,238.68500918149948,-0.005195180525431324
44.4000015258789,238.87017446756363,-0.004423438221179905
44.5,239.02645081281662,-0.003772100870917872
44.5999984741211,239.159907579422,-0.003215872245308768
44.7000007629395,239.27719807624817,-0.002727022309062808
44.7999992370605,239.38603019714355,-0.0022734256682363156
44.9000015258789,239.49559020996094,-0.0018167952784762709
45.0,239.6000998020172,-0.0013812143167081811
45.0999984741211,239.7198776602745,-0.0008819974154486223
45.2000007629395,239.84099715948105,-0.0003771887475050371
45.2999992370605,239.86189371347427,-0.00029009491327490586
45.4000015258789,239.6902493238449,-0.0010054840641252605
45.5,239.32318758964539,-0.002535344625869675
45.5999984741211,238.79661220312119,-0.004730035168553163
45.7000007629395,238.1504635810852,-0.007423089774296989
45.7999992370605,237.4126101732254,-0.010498356749469723
45.9000015258789,236.6000952720642,-0.013884802099941734
46.0,235.72108751535416,-0.017548380117385434
46.0999984741211,234.78210538625717,-0.02146192270068134
46.2000007629395,233.78264355659485,-0.025627535985061897
46.2999992370605,232.71868914365768,-0.030061945089013137
46.4000015258789,231.58432000875473,-0.034789832635593605
46.5,230.37302029132843,-0.039838355795284636
46.5999984741211,229.0793251991272,-0.045230291036905734
46.7000007629395,227.7004039287567,-0.05097743674222084
46.7999992370605,226.2373885512352,-0.057075074601903475
46.9000015258789,224.69510090351105,-0.06350310789244581
47.0,223.07743561267853,-0.0702453043677729
47.0999984741211,221.40364730358124,-0.07722141351840671
47.2000007629395,219.7003368139267,-0.08432056687529571
47.2999992370605,217.99773651361465,-0.09141676026505867
47.4000015258789,216.33046811819077,-0.09836569535240673
47.5,214.7360058426857,-0.10501118499409878
47.5999984741211,213.2591696381569,-0.11116642607470899
47.7000007629395,211.9480925798416,-0.11663080685332251
47.7999992370605,210.85226380825043,-0.12119806370383068
47.9000015258789,209.99498558044434,-0.12477107616731395
48.0,209.38597065210342,-0.1273093628738109
48.0999984741211,209.02687472105026,-0.1288060231127191
48.2000007629395,208.91068118810654,-0.12929030106113562
48.2999992370605,209.0241841673851,-0.12881723695376565
48.4000015258789,209.3501354455948,-0.12745871886505603
48.5,209.86970472335815,-0.12529322877691695
48.5999984741211,210.5614551305771,-0.1224101124834609
48.7000007629395,211.3973006606102,-0.11892642842443846
48.7999992370605,212.33665162324905,-0.11501134859594105
48.9000015258789,213.3535873889923,-0.11077290645696207
49.0,214.44466316699982,-0.10622545940071032
49.0999984741211,215.63848036527634,-0.10124980086861528
49.2000007629395,216.94587403535843,-0.09580077192285852
49.2999992370605,218.31237453222275,-0.09010539421666454
49.4000015258789,219.64949822425842,-0.08453245481157927
49.5,220.9416303038597,-0.07914703398187141
49.5999984741211,222.19177550077438,-0.07393660844572889
49.7000007629395,223.4039832353592,-0.06888430080100233
49.7999992370605,224.58111810684204,-0.06397817180974986
49.9000015258789,225.72473430633545,-0.05921174382675019
50.0,226.8367539048195,-0.05457700593635803
50.0999984741211,227.9127317070961,-0.05009248507338884
50.2000007629395,228.9506557583809,-0.04576656677626811
50.2999992370605,229.94717526435852,-0.04161321667419642
50.4000015258789,230.89875710010529,-0.037647160324149304
50.5,231.80109405517578,-0.03388634956032144
50.5999984741211,232.6524994969368,-0.030337814025160635
50.7000007629395,233.44988483190536,-0.027014426532476165
50.7999992370605,234.19311553239822,-0.023916747774320353
50.9000015258789,234.88003814220428,-0.02105375304673155
51.0,235.51098412275314,-0.018424060866101873
51.0999984741211,236.0843050479889,-0.01603454163535519
51.2000007629395,236.6027130484581,-0.013873891584103813
51.2999992370605,237.0658299922943,-0.01194368671162996
51.4000015258789,237.476906478405,-0.010230378988795058
51.5,237.8373748064041,-0.00872799879662816
51.5999984741211,238.15012151002884,-0.007424515477304658
51.7000007629395,238.41881012916565,-0.006304659923024697
51.7999992370605,238.64780974388123,-0.005350222435902728
51.9000015258789,238.84382665157318,-0.0045332521320736365
52.0,239.01620018482208,-0.0038148240153942498
52.0999984741211,239.17673474550247,-0.0031457390351320607
52.2000007629395,239.32295036315918,-0.002536333351774976
52.2999992370605,239.43833696842194,-0.002055418561978044
52.4000015258789,239.5195356607437,-0.0017169940805506708
52.5,239.48823338747025,-0.0018474574574495397
52.5999984741211,239.2858645915985,-0.002690901518452056
52.7000007629395,238.92865002155304,-0.004179720515029888
52.7999992370605,238.4516099691391,-0.0061679549033191216
52.9000015258789,237.88215535879135,-0.008541359889198148
53.0,237.23760187625885,-0.011227766182711403
53.0999984741211,236.5313514471054,-0.01417131648395204
53.2000007629395,235.77317732572556,-0.017331277273010405
53.2999992370605,234.970761179924,-0.020675632462324307
53.4000015258789,234.12646794319153,-0.024194525348942834
53.5,233.2399736046791,-0.027889306363524588
53.5999984741211,232.30942344665527,-0.031767705703053296
53.7000007629395,231.33201658725739,-0.035841397040648565
53.7999992370605,230.30493474006653,-0.040122126589119525
53.9000015258789,229.22601586580276,-0.0446189054175021
54.0,228.09551006555557,-0.04933069114039463
54.0999984741211,226.91465044021606,-0.054252344370478295
54.2000007629395,225.68542444705963,-0.059375581671424864
54.2999992370605,224.40782433748245,-0.0647004353383016
54.4000015258789,223.08917731046677,-0.0701963666586616
54.5,221.74477088451385,-0.07579965945219243
54.5999984741211,220.38823574781418,-0.08145350296923233
54.7000007629395,219.03543031215668,-0.08709180162828271
54.7999992370605,217.70512187480927,-0.0926363360311725
54.9000015258789,216.42052167654037,-0.09799036506181064
55.0,215.21756291389465,-0.10300412432056295
55.0999984741211,214.12734252214432,-0.10754800624981296
55.2000007629395,213.1713057756424,-0.11153263002772142
55.2999992370605,212.37001931667328,-0.11487227684465261
55.4000015258789,211.7431788444519,-0.11748485785653072
55.5,211.30658900737762,-0.1193045015599392
55.5999984741211,211.06942510604858,-0.12029296662046637
55.7000007629395,211.03294104337692,-0.12044502695095903
55.7999992370605,211.1904554963112,-0.11978852934579626
55.9000015258789,211.52758365869522,-0.11838342760995488
56.0,212.03159415721893,-0.11628278427790589
56.0999984741211,212.6893801689148,-0.11354122670434078
56.2000007629395,213.48473942279816,-0.11022628362647365
56.2999992370605,214.3911902308464,-0.106448326914591
56.4000015258789,215.37539672851562,-0.10234629566178195
56.5,216.40882182121277,-0.09803912837755874
56.5999984741211,217.4798959493637,-0.09357504532369235
56.7000007629395,218.61660087108612,-0.08883742255329857
56.7999992370605,219.85902380943298,-0.08365918228118595
56.9000015258789,221.1920804977417,-0.07810319356321033
57.0,222.51690846681595,-0.07258150096454534
57.0999984741211,223.74973791837692,-0.06744324496678197
57.2000007629395,224.90151047706604,-0.06264282245071513
57.2999992370605,225.98523885011673,-0.05812599832250875
57.4000015258789,227.01351243257523,-0.05384030179269342
57.5,227.99545496702194,-0.04974770641326654
57.5999984741211,228.93970090150833,-0.0458122250455111
57.7000007629395,229.84967148303986,-0.04201959842353806
57.7999992370605,230.72234797477722,-0.03838240820870415
57.9000015258789,231.55705100297928,-0.03490348593313719
58.0,232.35268247127533,-0.0315874083047149
58.0999984741211,233.1073145866394,-0.028442210087747624
58.2000007629395,233.81621932983398,-0.025487596987005763
58.2999992370605,234.48347115516663,-0.02270658726243038
58.4000015258789,235.10312288999557,-0.020123967874989622
58.5,235.67729663848877,-0.017730894199455744
58.5999984741211,236.20288145542145,-0.015540332208485873
58.7000007629395,236.68198192119598,-0.013543510313388988
58.7999992370605,237.11555552482605,-0.011736437837546304
58.9000015258789,237.50456535816193,-0.010115100752521174
59.0,237.8525306582451,-0.008664831384035534
59.0999984741211,238.16378736495972,-0.007367558157722264
59.2000007629395,238.44361972808838,-0.006201257079828982
59.2999992370605,238.6864568591118,-0.005189146813173044
59.4000015258789,238.86592829227448,-0.004441135669614013
59.5,238.9427032470703,-0.004121148690508158
59.5999984741211,238.91670149564743,-0.004229520254013404
59.7000007629395,238.77288848161697,-0.004828912230707979
59.7999992370605,238.5032588839531,-0.005952689648271103
59.9000015258789,238.13113445043564,-0.007503650813267898
60.0,237.69000339508057,-0.009342221661902253
60.0999984741211,237.1998187303543,-0.011385240905441756
60.2000007629395,236.66807478666306,-0.013601473251681095
60.2999992370605,236.0955559015274,-0.01598764969454292
60.4000015258789,235.48154520988464,-0.018546758024595836
60.5,234.82366758584976,-0.02128869742522538
60.5999984741211,234.11860138177872,-0.02422731204649453
60.7000007629395,233.37799340486526,-0.027314059669654094
60.7999992370605,232.59329962730408,-0.030584550574828548
60.9000015258789,231.76759654283524,-0.03402596237819826
61.0,230.9020574092865,-0.03763340510973309
61.0999984741211,229.997549533844,-0.04140326395771244
61.2000007629395,229.05482745170593,-0.045332394127856085
61.2999992370605,228.07642221450806,-0.049410246560655825
61.4000015258789,227.063582777977,-0.05363161578811676
61.5,226.01785641908646,-0.05799005298215453
61.5999984741211,224.93918615579605,-0.062485795635725296
61.7000007629395,223.8361839056015,-0.06708295051423067
61.7999992370605,222.71986198425293,-0.07173561986808277
61.9000015258789,221.60096460580826,-0.07639902335702085
62.0,220.49100279808044,-0.0810251846712435
62.0999984741211,219.40321952104568,-0.0855589090565699
62.2000007629395,218.36427825689316,-0.0898890669507509
62.2999992370605,217.38889700174332,-0.09395431586091758
62.4000015258789,216.4869508743286,-0.09771349771123765
62.5,215.6720169186592,-0.1011100253332842
62.5999984741211,214.95657128095627,-0.10409189994241701
62.7000007629395,214.34941172599792,-0.10662245371927066
62.7999992370605,213.8580637574196,-0.10867032144610006
62.9000015258789,213.4926825761795,-0.11019317770460327
63.0,213.2649204134941,-0.11114245766948405
63.0999984741211,213.1847666501999,-0.1114765270368798
63.2000007629395,213.2582255601883,-0.11117036085601906
63.2999992370605,213.48616647720337,-0.11022033586877898
63.4000015258789,213.86435449123383,-0.10864410257153438
63.5,214.38102889060974,-0.10649067792052312
63.5999984741211,215.02361053228378,-0.10381248997635639
63.7000007629395,215.78497260808945,-0.10063924225135706
63.7999992370605,216.6520323753357,-0.09702546173708454
63.9000015258789,217.59719669818878,-0.09308615265858816
64.0,218.5947772860527,-0.0889283801196908
64.0999984741211,219.61330568790436,-0.08468330010227222
64.1999969482422,220.64142489433289,-0.08039824698956612
64.3000030517578,221.71071177721024,-0.07594161291717472
64.4000015258789,222.88112324476242,-0.07106350610735893
64.5,224.16290825605392,-0.06572121037150301
64.5999984741211,225.4570095539093,-0.06032758212308678
64.6999969482422,226.5936312675476,-0.05559030615203065
64.8000030517578,227.60535711050034,-0.05137357822258197
64.9000015258789,228.5295494198799,-0.047521677482586115
65.0,229.38915884494781,-0.0439389489239063
65.0999984741211,230.19862312078476,-0.04056521814141399
65.1999969482422,230.9707708954811,-0.03734701717333228
65.3000030517578,231.71226954460144,-0.03425655735640314
65.4000015258789,232.4218207001686,-0.03129925010178113
65.5,233.10035741329193,-0.028471206586521133
65.5999984741211,233.74613523483276,-0.02577969742395743
65.6999969482422,234.35876828432083,-0.023226330908439494
65.8000030517578,234.9363608956337,-0.020819007903960345
65.9000015258789,235.4777466058731,-0.01856259006026037
66.0,235.98175197839737,-0.01646196809264049
66.0999984741211,236.4506852030754,-0.014507521797411561
66.1999969482422,236.8858814239502,-0.012693686486061336
66.3000030517578,237.28935879468918,-0.01101205078411052
66.4000015258789,237.64812237024307,-0.009516775755164103
66.5,237.92471158504486,-0.008363991653460103
66.5999984741211,238.07595866918564,-0.007733615540814051
66.6999969482422,238.07447600364685,-0.0077397950777221836
66.8000030517578,237.9417608976364,-0.008292932568547453
66.9000015258789,237.69278645515442,-0.009330622267437349
67.0,237.3541887998581,-0.010741848638572523
67.0999984741211,236.9574375152588,-0.01239545098002492
67.1999969482422,236.52946257591248,-0.014179189027655305
67.3000030517578,236.08515560626984,-0.016030996630664575
67.4000015258789,235.63114911317825,-0.017923230453597356
67.5,235.16146957874298,-0.019880787260650474
67.5999984741211,234.68601977825165,-0.02186239370744387
67.6999969482422,234.17897939682007,-0.02397566515606175
67.8000030517578,233.6425702571869,-0.026211341368603102
67.9000015258789,233.06900423765182,-0.028601882117169533
68.0,232.4513356089592,-0.031176236203204442
68.0999984741211,231.78911006450653,-0.033936297111343564
68.1999969482422,231.0757623910904,-0.036909427706804304
68.3000030517578,230.31579107046127,-0.040076878964077904
68.4000015258789,229.51367968320847,-0.043419963963554166
68.5,228.67365849018097,-0.04692105158589866
68.5999984741211,227.8011667728424,-0.05055747168759025
68.6999969482422,226.89839166402817,-0.05432010861325979
68.8000030517578,225.96857756376266,-0.058195440169822525
68.9000015258789,225.01490688323975,-0.06217020252473177
69.0,224.0499262213707,-0.06619210325665884
69.0999984741211,223.08246678113937,-0.07022433518060191
69.1999969482422,222.1197765469551,-0.07423668973907092
69.3000030517578,221.18450790643692,-0.07813475503559494
69.4000015258789,220.2954684495926,-0.08184014373765318
69.5,219.46088415384293,-0.0853185711534203
69.5999984741211,218.68608635663986,-0.08854781703450444
69.6999969482422,217.97480207681656,-0.09151234770197782
69.8000030517578,217.33216536045074,-0.09419076518954567
69.9000015258789,216.76490730047226,-0.09655501526912767
70.0,216.28116136789322,-0.09857119880231686
70.0999984741211,215.88563150167465,-0.10021971044747492
70.1999969482422,215.57913100719452,-0.10149716046465769
70.3000030517578,215.3620001077652,-0.1024021308519889
70.4000015258789,215.23816800117493,-0.10291824527770894
70.5,215.21464157104492,-0.10301630005776663
70.5999984741211,215.2989462018013,-0.10266493047126404
70.6999969482422,215.49740463495255,-0.10183778424016537
70.8000030517578,215.81394910812378,-0.10051847236310765
70.9000015258789,216.2491815686226,-0.0987044860102121
71.0,216.7983642220497,-0.09641557162771858
71.0999984741211,217.45045763254166,-0.09369773999795036
71.1999969482422,218.2006613612175,-0.09057099866034496
71.3000030517578,219.04344481229782,-0.08705839834336997
71.4000015258789,219.9578599333763,-0.083247247519241
71.5,220.9217032790184,-0.07923008695791671
71.5999984741211,221.9040704369545,-0.07513572180880407
71.6999969482422,222.87521886825562,-0.07108811470018638
71.8000030517578,223.8336701989174,-0.06709342728247296
71.9000015258789,224.82178401947021,-0.06297511086936337
72.0,225.90769147872925,-0.058449204622973094
72.0999984741211,227.0965295433998,-0.05349429840425124
72.1999969482422,228.26934361457825,-0.048606177887772946
72.3000030517578,229.26900947093964,-0.04443971424942911
72.4000015258789,230.1262092590332,-0.040867028711395935
72.5,230.88601559400558,-0.037700265090631346
72.5999984741211,231.57797753810883,-0.03481626714183913
72.6999969482422,232.22207379341125,-0.032131766505717724
72.8000030517578,232.83348429203033,-0.02958349540654241
72.9000015258789,233.41914331912994,-0.027142552740199888
73.0,233.97918075323105,-0.024808397191678187
73.0999984741211,234.51583778858185,-0.022571687785408155
73.1999969482422,235.02839350700378,-0.020435429204762805
73.3000030517578,235.5184361934662,-0.018393001706224918
73.4000015258789,235.98545628786087,-0.016446529063102133
73.5,236.4210483431816,-0.014631043970662182
73.5999984741211,236.7830467224121,-0.013122286744829686
73.6999969482422,237.01117330789566,-0.01217148791809338
73.8000030517578,237.0708938241005,-0.011922581388329287
73.9000015258789,236.96338421106339,-0.012370666006445524
74.0,236.71734273433685,-0.013396131525530857
74.0999984741211,236.37895864248276,-0.014806467794927666
74.1999969482422,235.98292368650436,-0.0164570845816238
74.3000030517578,235.56217247247696,-0.018210715180166984
74.4000015258789,235.13912773132324,-0.019973904870195115
74.5,234.72653543949127,-0.021693530253456578
74.5999984741211,234.3258810043335,-0.023363400365557903
74.6999969482422,233.9272289276123,-0.025024924935432423
74.8000030517578,233.5359082221985,-0.02665589340320844
74.9000015258789,233.14058130979538,-0.028303559166027923
75.0,232.73008054494858,-0.03001446736536551
75.0999984741211,232.29583436250687,-0.03182434305304624
75.1999969482422,231.8298556804657,-0.03376647523912947
75.3000030517578,231.32532858848572,-0.03586927165847023
75.4000015258789,230.7760261297226,-0.0381586853723883
75.5,230.17802995443344,-0.04065104749954915
75.5999984741211,229.53224754333496,-0.043342575790729615
75.6999969482422,228.83530443906784,-0.046247334499297216
75.8000030517578,228.09364593029022,-0.049338460588306265
75.9000015258789,227.31137359142303,-0.052598859284962406
76.0,226.49592143297195,-0.055997546701737774
76.0999984741211,225.65301078557968,-0.059510677154662996
76.1999969482422,224.79393815994263,-0.06309116841045256
76.3000030517578,223.93007510900497,-0.06669162547051578
76.4000015258789,223.07322347164154,-0.07026285996633466
76.5,222.24804371595383,-0.07370209061054646
76.5999984741211,221.46788722276688,-0.07695367076645225
76.6999969482422,220.73964965343475,-0.07998886030842788
76.8000030517578,220.06764042377472,-0.08278969821060564
76.9000015258789,219.45437836647034,-0.0853456863403142
77.0,218.90129500627518,-0.08765085830808929
77.0999984741211,218.409818649292,-0.08969926113934079
77.1999969482422,217.9820350408554,-0.0914822017472335
77.3000030517578,217.62374234199524,-0.09297551422978496
77.4000015258789,217.33895426988602,-0.09416246999057887
77.5,217.13047051429749,-0.09503140032496747
77.5999984741211,216.9952420592308,-0.09559501309349346
77.6999969482422,216.93033909797668,-0.09586551930951087
77.8000030517578,216.93420869112015,-0.09584939140134553
77.9000015258789,217.00914549827576,-0.09553706555746419
78.0,217.16039061546326,-0.09490669764279676
78.0999984741211,217.39362984895706,-0.09393459003383604
78.1999969482422,217.71350771188736,-0.09260138506726728
78.3000030517578,218.12424629926682,-0.09088948565778845
78.4000015258789,218.62778824567795,-0.08879079518361423
78.5,219.22265899181366,-0.08631145939604393
78.5999984741211,219.9015367627144,-0.08348199440097737
78.6999969482422,220.66121459007263,-0.08031576638148208
78.8000030517578,221.49480789899826,-0.07684146925639374
78.9000015258789,222.3861447572708,-0.07312650531531693
79.0,223.31448185443878,-0.06925732969542087
79.0999984741211,224.25064808130264,-0.06535552338799033
79.1999969482422,225.1634087562561,-0.06155126805756825
79.3000030517578,226.03881084918976,-0.05790271792861434
79.4000015258789,226.89685851335526,-0.05432649856495229
79.5,227.79581135511398,-0.05057979229911422
79.5999984741211,228.79533845186234,-0.0464139069908979
79.6999969482422,229.87058329582214,-0.04193244099286778
79.8000030517578,230.8721981048584,-0.03775785439983763
79.9000015258789,231.6922973394394,-0.03433979863753292
80.0,232.37480115890503,-0.031495220793107306
80.0999984741211,232.96752858161926,-0.02902481806956432
80.1999969482422,233.49969387054443,-0.026806829616936898
80.3000030517578,233.99468052387238,-0.02474379637494647
80.4000015258789,234.46774291992188,-0.02277214028679904
80.5,234.92801958322525,-0.020853773295440612
80.5999984741211,235.3673887848854,-0.019022545599830076
80.6999969482422,235.75987988710403,-0.01738669908635645
80.8000030517578,236.03253436088562,-0.016250314419806358
80.9000015258789,236.1349030137062,-0.015823656585121814
81.0,236.05305176973343,-0.01616480080805955
81.0999984741211,235.81767600774765,-0.017145813160757823
81.1999969482422,235.46429097652435,-0.01861867118982568
81.3000030517578,235.04358631372452,-0.020372107769541715
81.4000015258789,234.59637093544006,-0.0222360372018347
81.5,234.1543391942978,-0.024078361979402472
81.5999984741211,233.7352329492569,-0.02582513658359025
81.6999969482422,233.3354018330574,-0.027491575220583556
81.8000030517578,232.97963178157806,-0.028974373671353606
81.9000015258789,232.63040000200272,-0.030429921544370863
82.0,232.29834467172623,-0.03181388044494884
82.0999984741211,231.97334802150726,-0.033168419781372215
82.1999969482422,231.64464181661606,-0.034538420008610245
82.3000030517578,231.3035302758217,-0.03596012389325848
82.4000015258789,230.94245767593384,-0.03746502260382436
82.5,230.5539642572403,-0.0390842073468285
82.5999984741211,230.1302044391632,-0.04085037737471741
82.6999969482422,229.6648440361023,-0.042789932662857
82.8000030517578,229.15620869398117,-0.04490985167843466
82.9000015258789,228.59569883346558,-0.04724597623236476
83.0,227.98565542697906,-0.04978854948798128
83.0999984741211,227.32886445522308,-0.05252595987806321
83.1999969482422,226.63038593530655,-0.055437117978419895
83.3000030517578,225.8978077173233,-0.05849039872022658
83.4000015258789,225.1429267525673,-0.06163663410570004
83.5,224.37790942192078,-0.06482511640761962
83.5999984741211,223.615203499794,-0.06800396509097596
83.6999969482422,222.8766267299652,-0.07108224693488908
83.8000030517578,222.17967677116394,-0.07398703421217002
83.9000015258789,221.53291803598404,-0.07668263168182507
84.0,220.9401834011078,-0.07915306446462297
84.0999984741211,220.40350884199142,-0.08138984690742973
84.1999969482422,219.92373383045197,-0.08338948021234327
84.3000030517578,219.50068789720535,-0.08515267487084328
84.4000015258789,219.13589590787888,-0.08667307546211687
84.5,218.82959061861038,-0.08794971189202831
84.5999984741211,218.58383858203888,-0.08897397106613975
84.6999969482422,218.40159446001053,-0.08973353837845828
84.8000030517578,218.28506749868393,-0.0902192060084613
84.9000015258789,218.23396253585815,-0.09043220414978775
85.0,218.24471229314804,-0.09038740070613274
85.0999984741211,218.312435567379,-0.09010513983090399
85.1999969482422,218.4341978430748,-0.0895976521629195
85.3000030517578,218.60894149541855,-0.08886934573043649
85.4000015258789,218.84000903367996,-0.087906289435134
85.5,219.13209736347198,-0.08668890724935781
85.5999984741211,219.48961639404297,-0.08519881930506032
85.6999969482422,219.9163373708725,-0.08342030759300674
85.8000030517578,220.4155051112175,-0.08133984818114717
85.9000015258789,220.98879897594452,-0.0789504417347123
86.0,221.6346629858017,-0.07625857335163125
86.0999984741211,222.34650057554245,-0.07329173656793202
86.1999969482422,223.12213253974915,-0.07005901399864568
86.3000030517578,223.95144993066788,-0.06660253828536501
86.4000015258789,224.81856995821,-0.06298850661483864
86.5,225.7023388147354,-0.0593050850175297
86.5999984741211,226.57520216703415,-0.05566711599472768
86.6999969482422,227.4100702404976,-0.05218750583422811
86.8000030517578,228.19479554891586,-0.04891688351297228
86.9000015258789,228.9444838166237,-0.04579229054261035
87.0,229.70587766170502,-0.04261891040783527
87.0999984741211,230.54425501823425,-0.03912467405979788
87.1999969482422,231.48097962141037,-0.035220540520135964
87.3000030517578,232.41608780622482,-0.03132314397992779
87.4000015258789,233.1762890815735,-0.02815473430442739
87.5,233.78377413749695,-0.025622823886325273
87.5999984741211,234.29240208864212,-0.0235029356752733
87.6999969482422,234.74009931087494,-0.021636997986644025
87.8000030517578,235.12572956085205,-0.020029746519415522
87.9000015258789,235.4074513912201,-0.01885557041358303
88.0,235.53439444303513,-0.01832649001520587
88.0999984741211,235.4746174812317,-0.018575631802113763
88.1999969482422,235.23385906219482,-0.019579078295918602
88.3000030517578,234.85995906591415,-0.0211374397513659
88.4000015258789,234.401910841465,-0.023046518929804354
88.5,233.90216141939163,-0.02512940270752066
88.5999984741211,233.40379267930984,-0.027206532001098675
88.6999969482422,232.93466174602509,-0.029161802317389886
88.8000030517578,232.50997442007065,-0.03093183806482965
88.9000015258789,232.11190348863602,-0.03259094050465977
89.0,231.76156306266785,-0.03405110905653095
89.0999984741211,231.44585222005844,-0.035366946481198834
89.1999969482422,231.15188479423523,-0.03659216046920881
89.3000030517578,230.8705085515976,-0.03776489621504157
89.4000015258789,230.59350913763046,-0.03891938996792152
89.5,230.31250149011612,-0.040090589462247146
89.5999984741211,230.01961988210678,-0.04131127791763982
89.6999969482422,229.7067455649376,-0.04261529311187871
89.8000030517578,229.36660987138748,-0.04403292980544112
89.9000015258789,228.99261730909348,-0.04559167706273037
90.0,228.58250379562378,-0.0473009712539758
90.0999984741211,228.123628616333,-0.04921349706136153
90.1999969482422,227.61655116081238,-0.05132692302945506
90.3000030517578,227.06219172477722,-0.05363741349796046
90.4000015258789,226.46479165554047,-0.056127291140754744
90.5,225.83388018608093,-0.05875683948412332
90.5999984741211,225.18391907215118,-0.061465784008229156
90.6999969482422,224.52538585662842,-0.06421045581997237
90.8000030517578,223.86530673503876,-0.06696157074605727
90.9000015258789,223.21494007110596,-0.0696722055442987
91.0,222.59445947408676,-0.07225827951024175
91.0999984741211,222.01724410057068,-0.07466403024179259
91.1999969482422,221.49014085531235,-0.07686092082382717
91.3000030517578,221.0163769721985,-0.07883550060925588
91.4000015258789,220.59677249193192,-0.0805843517862684
91.5,220.23113358020782,-0.08210828222839335
91.5999984741211,219.92055189609528,-0.0834027420575012
91.6999969482422,219.6639468073845,-0.08447223519335657
91.8000030517578,219.46137708425522,-0.08531651669029545
91.9000015258789,219.31401550769806,-0.08593069856567649
92.0,219.22372144460678,-0.08630703124547559
92.0999984741211,219.1920075416565,-0.08643921023571667
92.1999969482422,219.21876245737076,-0.08632769959167388
92.3000030517578,219.30089104175568,-0.08598539945375189
92.4000015258789,219.43335050344467,-0.08543332745172257
92.5,219.6108872294426,-0.08469337988961081
92.5999984741211,219.83026272058487,-0.08377905436656556
92.6999969482422,220.0915784239769,-0.08268992806562933
92.8000030517578,220.39638978242874,-0.08141951812468534
92.9000015258789,220.74889755249023,-0.07995031639407835
93.0,221.1532130241394,-0.07826518760796812
93.0999984741211,221.61223328113556,-0.07635205713755389
93.1999969482422,222.12894749641418,-0.07419846653958163
93.3000030517578,222.70539754629135,-0.07179590556698157
93.4000015258789,223.3414905667305,-0.06914476126371358
93.5,224.0315945148468,-0.06626850717520277
93.5999984741211,224.77298337221146,-0.06317850495453432
93.6999969482422,225.55783826112747,-0.05990734256038449
93.8000030517578,226.37341797351837,-0.056508123517117335
93.9000015258789,227.20212203264236,-0.053054204082621965
94.0,228.02123272418976,-0.049640268425628666
94.0999984741211,228.80641067028046,-0.046367759575597745
94.1999969482422,229.54004460573196,-0.043310078755088875
94.3000030517578,230.21913266181946,-0.04047973732158163
94.4000015258789,230.8650581240654,-0.03778761281377485
94.5,231.5241060256958,-0.03504079586429488
94.5999984741211,232.25963646173477,-0.031975210701862676
94.6999969482422,233.095400929451,-0.028491864498928477
94.8000030517578,233.93080538511276,-0.02501001877450383
94.9000015258789,234.58514112234116,-0.022282841449118185
95.0,235.03660202026367,-0.02040121730105063
95.0999984741211,235.27691060304642,-0.01939964566011195
95.1999969482422,235.28639978170395,-0.019360096127052712
95.3000030517578,235.0871889591217,-0.020190378209182198
95.4000015258789,234.71623122692108,-0.021736476730744227
95.5,234.21894758939743,-0.02380908347278807
95.5999984741211,233.6539232134819,-0.0261640238781738
95.6999969482422,233.07421159744263,-0.028580178589853796
95.8000030517578,232.520163834095,-0.03088937005138461
95.9000015258789,232.01354843378067,-0.03300087023977515
96.0,231.55005049705505,-0.03493266303586375
96.0999984741211,231.14901053905487,-0.03660413995177299
96.1999969482422,230.79848164319992,-0.03806509401904934
96.3000030517578,230.48638385534286,-0.039365872750701726
96.4000015258789,230.20366442203522,-0.04054420672223196
96.5,229.94183617830276,-0.041635469217655555
96.5999984741211,229.69211620092392,-0.04267626619886291
96.6999969482422,229.44609475135803,-0.04370164824762056
96.8000030517578,229.1951144337654,-0.04474769814572933
96.9000015258789,228.93075841665268,-0.04584949603736345
97.0,228.64528560638428,-0.04703930568840863
97.0999984741211,228.33120304346085,-0.04834835667732751
97.1999969482422,227.9858255982399,-0.04978784023861957
97.3000030517578,227.59601747989655,-0.05141250446084311
97.4000015258789,227.1628099679947,-0.05321805111896963
97.5,226.68573743104935,-0.05520642089811775
97.5999984741211,226.16500478982925,-0.0573767597179703
97.6999969482422,225.61226028203964,-0.05968051939761181
97.8000030517578,225.04138886928558,-0.06205982941232728
97.9000015258789,224.46435344219208,-0.06446483015304694
98.0,223.89129877090454,-0.06685323967559789
98.0999984741211,223.32968032360077,-0.06919398465995832
98.1999969482422,222.7917110323906,-0.07143616336008039
98.3000030517578,222.28711068630219,-0.07353926509201854
98.4000015258789,221.82413107156754,-0.07546889759653114
98.5,221.4080102443695,-0.07720322940815137
98.5999984741211,221.04180443286896,-0.07872952260708169
98.6999969482422,220.72681748867035,-0.08004234292719684
98.8000030517578,220.46332716941833,-0.0811405327145474
98.9000015258789,220.25071650743484,-0.08202666340175792
99.0,220.0885118842125,-0.08270270896270872
99.0999984741211,219.9769071340561,-0.08316786152387111
99.1999969482422,219.9168637394905,-0.0834181137642455
99.3000030517578,219.90943789482117,-0.08344906361774097
99.4000015258789,219.95538765192032,-0.08325755163308524
99.5,220.05394780635834,-0.08284676707238188
99.5999984741211,220.20183557271957,-0.0822303921135104
99.6999969482422,220.3937821984291,-0.08143038616008864
99.8000030517578,220.62417244911194,-0.08047015270208813
99.9000015258789,220.88899445533752,-0.0793664126347938
100.0,221.18648850917816,-0.07812650016798006
100.099998474121,221.51761788129807,-0.07674640052793949
100.199996948242,221.88453447818756,-0.07521714487764719
100.300003051758,222.2913407087326,-0.0735216349663785
100.400001525879,222.7409703731537,-0.07164764313639851
100.5,223.23576933145523,-0.06958539218030653
100.599998474121,223.7783755660057,-0.06732388736666614
100.699996948242,224.36997652053833,-0.06485817960063177
100.800003051758,225.00927543640137,-0.06219367358592093
100.900001525879,225.6914383172989,-0.0593505167244547
101.0,226.41332703828812,-0.056341788270049195
101.099998474121,227.16641026735306,-0.053203045588603316
101.199996948242,227.93877255916595,-0.049983950544005736
101.300003051758,228.71443367004395,-0.046751106495581805
101.400001525879,229.47400200366974,-0.04358533483022924
101.5,230.196695625782,-0.04057325166360636
101.599998474121,230.8678975701332,-0.03777577841058974
101.699996948242,231.48306745290756,-0.035211838738474936
101.800003051758,232.05601555109024,-0.032823873397310584
101.900001525879,232.62333226203918,-0.030459378868911795
102.0,233.23645108938217,-0.02790398770110034
102.099998474121,233.9201105237007,-0.025054593420028505
102.199996948242,234.58519119024277,-0.022282632773298974
102.300003051758,234.97896283864975,-0.020641449127325476
102.400001525879,235.07308053970337,-0.020249180073952246
102.5,234.88208866119385,-0.021045206778240552
102.599998474121,234.46169316768646,-0.02279735478477297
102.699996948242,233.88894414901733,-0.025184490391132377
102.800003051758,233.2436054944992,-0.027874169168653304
102.900001525879,232.59212124347687,-0.030589461909287796
103.0,231.9776712656021,-0.03315040112123068
103.099998474121,231.4209281206131,-0.03547082654611919
103.199996948242,230.91565442085266,-0.037576734719402115
103.300003051758,230.48236054182053,-0.03938264134331676
103.400001525879,230.10804784297943,-0.04094272288373097
103.5,229.77998918294907,-0.04231002423704056
103.599998474121,229.488873898983,-0.04352335090763985
103.699996948242,229.22640645503998,-0.04461727749768868
103.800003051758,228.9835279583931,-0.04562956017031906
103.900001525879,228.75164657831192,-0.04659600844137809
104.0,228.5216829776764,-0.04755446368329062
104.099998474121,228.285073697567,-0.04854061716227286
104.199996948242,228.03306663036346,-0.04959094640521698
104.300003051758,227.75756186246872,-0.05073921068804635
104.400001525879,227.4510481953621,-0.052016715606843456
104.5,227.10772955417633,-0.0534476183687649
104.599998474121,226.72417616844177,-0.05504621376427373
104.699996948242,226.29993641376495,-0.05681438409894391
104.800003051758,225.8383874297142,-0.058738053940346195
104.900001525879,225.3466433286667,-0.06078757269038329
105.0,224.83632999658585,-0.0629144853269876
105.099998474121,224.32027679681778,-0.06506532090729909
105.199996948242,223.81158882379532,-0.06718545928091052
105.300003051758,223.31669437885284,-0.06924810821160057
105.400001525879,222.84667497873306,-0.07120708152998836
105.5,222.40955871343613,-0.07302891931058168
105.599998474121,222.00957679748535,-0.07469598645926856
105.699996948242,221.64931041002274,-0.07619752499229797
105.800003051758,221.33421099185944,-0.07751081408773555
105.900001525879,221.0660319328308,-0.07862854586870788
106.0,220.8454950451851,-0.079547711925488
106.099998474121,220.67277044057846,-0.08026760325713779
106.199996948242,220.5476022362709,-0.08078928634614757
106.300003051758,220.470059633255,-0.08111247277272438
106.400001525879,220.44044440984726,-0.08123590476821027
106.5,220.45934599637985,-0.08115712567168125
106.599998474121,220.52763694524765,-0.08087249881014041
106.699996948242,220.64520812034607,-0.08038247904718891
106.800003051758,220.80997282266617,-0.07969576344443947
106.900001525879,221.01780539751053,-0.07882954713781856
107.0,221.26319867372513,-0.07780678322532121
107.099998474121,221.5405450463295,-0.07665084339869885
107.199996948242,221.84597980976105,-0.07537783519538212
107.300003051758,222.1775968670845,-0.073995702953493
107.400001525879,222.5361012816429,-0.07250150807033459
107.5,222.92326641082764,-0.07088785944712936
107.599998474121,223.34249609708786,-0.06914057035767779
107.699996948242,223.79642015695572,-0.06724868010457592
107.800003051758,224.28702044487,-0.06520392860331338
107.900001525879,224.81678193807602,-0.06299595882582036
108.0,225.38694083690643,-0.06061961846675112
108.099998474121,225.997163772583,-0.058076296959268574
108.199996948242,226.64383071660995,-0.05538108206194874
108.300003051758,227.32349771261215,-0.0525483276900701
108.400001525879,228.03086364269257,-0.0496001281412622
108.5,228.75550019741058,-0.046579947110736014
108.599998474121,229.485993206501,-0.04353535721995221
108.699996948242,230.20644050836563,-0.04053263639332759
108.800003051758,230.89979356527328,-0.03764284048626808
108.900001525879,231.55162954330444,-0.03492608179800364
109.0,232.15453606843948,-0.03241325403829744
109.099998474121,232.70780354738235,-0.030107314690039556
109.199996948242,233.2098496556282,-0.028014858654387804
109.300003051758,233.65895175933838,-0.026143065621640954
109.400001525879,234.0542580485344,-0.024495485813385093
109.5,234.40318965911865,-0.023041189001588715
109.599998474121,234.61383509635925,-0.02216324908870574
109.699996948242,234.56494265794754,-0.02236702574621191
109.800003051758,234.2467473745346,-0.02369321796313727
109.900001525879,233.72076153755188,-0.02588545134804957
110.0,233.07222646474838,-0.02858845233766185
110.099998474121,232.38295990228653,-0.03146121632309637
110.199996948242,231.71906298398972,-0.034228243277243164
110.300003051758,231.11063957214355,-0.0367640646279903
110.400001525879,230.56809449195862,-0.03902531455902294
110.5,230.07995927333832,-0.04105979200569614
110.599998474121,229.66353636980057,-0.042795382828092275
110.699996948242,229.3155364394188,-0.0442457965306862
110.800003051758,228.99323159456253,-0.045589116809167544
110.900001525879,228.71122258901596,-0.04676448981987735
111.0,228.4596089720726,-0.04781317921867552
111.099998474121,228.22641909122467,-0.04878508113290015
111.199996948242,228.00105500221252,-0.049724366271311576
111.300003051758,227.77491718530655,-0.050666876196400576
111.400001525879,227.53873056173325,-0.051651268103675665
111.5,227.28349995613098,-0.052715032591446546
111.599998474121,227.00145155191422,-0.05389056981015219
111.699996948242,226.68611299991608,-0.05520485558105009
111.800003051758,226.33376491069794,-0.05667339178484797
111.900001525879,225.94453406333923,-0.05829565002456075
112.0,225.52255219221115,-0.060054409825055374
112.099998474121,225.0770959854126,-0.061911007283386284
112.199996948242,224.61618489027023,-0.0638320184954824
112.300003051758,224.15282076597214,-0.06576325358060181
112.400001525879,223.69822281599045,-0.06765795251086079
112.5,223.2592705488205,-0.06948744248342922
112.599998474121,222.84374648332596,-0.07121928707802336
112.699996948242,222.46054428815842,-0.07281641876171459
112.800003051758,222.11326044797897,-0.07426384790324664
112.900001525879,221.80467361211777,-0.07554999349150057
113.0,221.53527557849884,-0.07667280578339986
113.099998474121,221.30640107393265,-0.0776267218293974
113.199996948242,221.1227923631668,-0.07839197655148375
113.300003051758,220.98507046699524,-0.07896598162422995
113.400001525879,220.89324074983597,-0.0793487146895125
113.5,220.84724110364914,-0.07954043460471666
113.599998474121,220.84696352481842,-0.07954159151339531
113.699996948242,220.89261716604233,-0.07935131369715603
113.800003051758,220.98486119508743,-0.07896685383946953
113.900001525879,221.12356942892075,-0.07838873785308491
114.0,221.30719882249832,-0.07762339692801132
114.099998474121,221.53214424848557,-0.07668585671692624
114.199996948242,221.79342776536942,-0.07559686456473091
114.300003051758,222.08532482385635,-0.07438027957026884
114.400001525879,222.4028068780899,-0.07305705999007284
114.5,222.74268525838852,-0.071640495741167
114.599998474121,223.1041412949562,-0.070133998921619
114.699996948242,223.48757511377335,-0.06853590186384034
114.800003051758,223.8954272866249,-0.06683603261533894
114.900001525879,224.33019691705704,-0.06502397527165309
115.0,224.7940880060196,-0.0630905438735365
115.099998474121,225.2890401482582,-0.061027654468807174
115.199996948242,225.81718438863754,-0.0588264251686982
115.300003051758,226.37938958406448,-0.05648323470247552
115.400001525879,226.97511172294617,-0.05400035043228428
115.5,227.60105055570602,-0.0513915273241171
115.599998474121,228.25398206710815,-0.048670202610189485
115.699996948242,228.9291023015976,-0.04585639848693099
115.800003051758,229.6170099377632,-0.042989298311022835
115.900001525879,230.30839002132416,-0.04010772547335814
116.0,230.98988604545593,-0.0372673479750649
116.099998474121,231.6490728855133,-0.034519951950186624
116.199996948242,232.27383142709732,-0.03191604812603371
116.300003051758,232.84226220846176,-0.02954691031223392
116.400001525879,233.32278537750244,-0.027544158794364764
116.5,233.68909692764282,-0.026017424891978166
116.599998474121,233.94315910339355,-0.02495853025192629
116.699996948242,234.0897468328476,-0.024347573660070006
116.800003051758,234.12370520830154,-0.024206040030962085
116.900001525879,234.05283856391907,-0.024501402021283272
117.0,233.85210019350052,-0.025338050703287394
117.099998474121,233.47248601913452,-0.026920228031872738
117.199996948242,232.93023145198822,-0.02918026714630678
117.300003051758,232.28820699453354,-0.03185613282671402
117.400001525879,231.6222512125969,-0.034631740828655014
117.5,230.98269939422607,-0.03729730090467645
117.599998474121,230.39741760492325,-0.03973667129809067
117.699996948242,229.87640917301178,-0.04190815957391403
117.800003051758,229.40728616714478,-0.043863396849867196
117.900001525879,229.0188990831375,-0.04548213840517911
118.0,228.67267376184464,-0.04692515579210004
118.099998474121,228.35895001888275,-0.048232711270981256
118.199996948242,228.08625108003616,-0.04936928126153269
118.300003051758,227.84057700634003,-0.05039321549758278
118.400001525879,227.60834354162216,-0.05136113120681332
118.5,227.3802335858345,-0.05231186072336682
118.599998474121,227.1465871334076,-0.05328566556232376
118.699996948242,226.89751541614532,-0.054323760688519546
118.800003051758,226.6250428557396,-0.055459387166259845
118.900001525879,226.32300233840942,-0.05671824863957576
119.0,225.98811691999435,-0.05811400294083453
119.099998474121,225.6213554739952,-0.059642611944510884
119.199996948242,225.2294585108757,-0.061275982171596556
119.300003051758,224.81708908081055,-0.06299467869903895
119.400001525879,224.3956242799759,-0.06475128342485305
119.5,223.97870206832886,-0.06648895529169861
119.599998474121,223.57255816459656,-0.06818170471998748
119.699996948242,223.18396896123886,-0.06980128867970765
119.800003051758,222.81713831424713,-0.07133018610317698
119.900001525879,222.48069489002228,-0.07273243394876708
120.0,222.17795032262802,-0.07399422980157883
120.099998474121,221.91116958856583,-0.07510613356502895
120.199996948242,221.68161070346832,-0.0760629020107362
120.300003051758,221.49037969112396,-0.07685992539048482
120.400001525879,221.33892834186554,-0.07749115285078853
120.5,221.23005735874176,-0.0779449114637985
120.599998474121,221.16628807783127,-0.0782106926630524
120.699996948242,221.14739859104156,-0.07828942132959177
120.800003051758,221.1737321615219,-0.07817966679193708
120.900001525879,221.24505633115768,-0.07788239790210608
121.0,221.3614700436592,-0.07739720227693221
121.099998474121,221.52238768339157,-0.07672652067822948
121.199996948242,221.72628664970398,-0.07587669908671418
121.300003051758,221.96966695785522,-0.07486232493584341
121.400001525879,222.24757874011993,-0.07370402856300556
121.5,222.55451369285583,-0.07242476778624397
121.599998474121,222.8851261138916,-0.07104682272403673
121.699996948242,223.23555731773376,-0.06958627582303144
121.800003051758,223.6039873957634,-0.06805071220083275
121.900001525879,223.9905052781105,-0.06643976120943798
122.0,224.39626449346542,-0.0647486151070267
122.099998474121,224.82352250814438,-0.06296786509838852
122.199996948242,225.27432531118393,-0.0610889837952256
122.300003051758,225.75070202350616,-0.059103514113117296
122.400001525879,226.2544714808464,-0.05700387540608364
122.5,226.7871726155281,-0.05478365362534349
122.599998474121,227.34925186634064,-0.05244098807817556
122.699996948242,227.93884366750717,-0.04998365417465774
122.800003051758,228.5530622601509,-0.04742367934310792
122.900001525879,229.1888945698738,-0.04477362164464138
123.0,229.84041649103165,-0.042058171900295295
123.099998474121,230.49961930513382,-0.03931070929789375
123.199996948242,231.15877103805542,-0.036563459594512515
123.300003051758,231.80650913715363,-0.033863780276779575
123.400001525879,232.4240319132805,-0.03129003408327991
123.5,232.97439575195312,-0.0289961966904182
123.599998474121,233.41621631383896,-0.02715475207764502
123.699996948242,233.7393879890442,-0.025807818974831823
123.800003051758,233.93447053432465,-0.02499474295926693
123.900001525879,233.9742277264595,-0.02482904069551706
124.0,233.86414450407028,-0.025287851747587842
124.099998474121,233.64596551656723,-0.026197190415401174
124.199996948242,233.3858300447464,-0.027281397680746736
124.300003051758,233.08528703451157,-0.02853401775967954
124.400001525879,232.68076634407043,-0.030220001868224926
124.5,232.15197175741196,-0.03242394171817127
124.599998474121,231.54524552822113,-0.034952689455494394
124.699996948242,230.92048317193985,-0.03755660917875735
124.800003051758,230.3182231783867,-0.04006674228773622
124.900001525879,229.76416206359863,-0.042375989396152156
125.0,229.26980930566788,-0.04443638065321724
125.099998474121,228.82351398468018,-0.04629647541890866
125.199996948242,228.45389884710312,-0.04783697819900915
125.300003051758,228.12271332740784,-0.04921731185407555
125.400001525879,227.8284274339676,-0.05044385316934986
125.5,227.56375873088837,-0.051546954291159665
125.599998474121,227.3104277253151,-0.0526028015189803
125.699996948242,227.0710409283638,-0.053600531289033186
125.800003051758,226.8315670490265,-0.05459862400595733
125.900001525879,226.57913553714752,-0.05565072227331644
126.0,226.3057708144188,-0.05679006715541617
126.099998474121,226.0067291855812,-0.05803642969243223
126.199996948242,225.67965972423553,-0.059399608207770876
126.300003051758,225.3264615535736,-0.06087168742887061
126.400001525879,224.9531528353691,-0.06242758452226249
126.5,224.56845235824585,-0.06403096082984355
126.599998474121,224.1832457780838,-0.0656364465021638
126.699996948242,223.80475002527237,-0.06721396241042575
126.800003051758,223.4412989616394,-0.06872877421609845
126.900001525879,223.09687304496765,-0.07016429194313116
127.0,222.7736867070198,-0.07151128615814856
127.099998474121,222.47904646396637,-0.07273930435169096
127.199996948242,222.2159088253975,-0.07383602421663406
127.300003051758,221.98597580194473,-0.07479435201724272
127.400001525879,221.79060304164886,-0.07560863760728824
127.5,221.63160461187363,-0.07627132021467821
127.599998474121,221.510107755661,-0.07677770165239729
127.699996948242,221.42817586660385,-0.07711918199245811
127.800003051758,221.3895720243454,-0.07728007725965833
127.900001525879,221.39553374052048,-0.07725522968333318
128.0,221.44626545906067,-0.0770437871705542
128.100006103516,221.54192650318146,-0.07664508568505383
128.199996948242,221.6820189356804,-0.07606120055753886
128.300003051758,221.86551862955093,-0.07529640020220647
128.399993896484,222.0902447104454,-0.0743597741899484
128.5,222.35275042057037,-0.07326568811195203
128.600006103516,222.6478134393692,-0.07203590784985528
128.699996948242,222.96975994110107,-0.07069408109402285
128.800003051758,223.31344866752625,-0.0692616358700044
128.899993896484,223.67491906881332,-0.06775507918037019
129.0,224.05189907550812,-0.0661838806841112
129.100006103516,224.4438700079918,-0.064550202163345
129.199996948242,224.85195380449295,-0.06284936754075615
129.300003051758,225.27765637636185,-0.06107510039423473
129.399993896484,225.72300553321838,-0.05921894910467918
129.5,226.18993651866913,-0.05727284785482987
129.600006103516,226.68022847175598,-0.055229381448820634
129.699996948242,227.1955897808075,-0.053081429569591734
129.800003051758,227.73659628629684,-0.05082659219679868
129.899993896484,228.3022431731224,-0.04846905725539411
130.0,228.88998061418533,-0.046019452058318464
130.100006103516,229.49792593717575,-0.043485623313221186
130.199996948242,230.1214406490326,-0.040886903592634055
130.300003051758,230.75468057394028,-0.03824765058155427
130.399993896484,231.3917140364647,-0.035592586650815466
130.5,232.01973003149033,-0.032975106228810634
130.600006103516,232.60712254047394,-0.03052693865907518
130.699996948242,233.10978883504868,-0.028431897775924773
130.800003051758,233.51308697462082,-0.026751009083722008
130.899993896484,233.79779589176178,-0.025564383229461335
131.0,233.9272037744522,-0.025025029770189215
131.100006103516,233.88619846105576,-0.025195934024003656
131.199996948242,233.6894176006317,-0.02601608837304085
131.300003051758,233.38158613443375,-0.027299085689084263
131.399993896484,233.0291308760643,-0.028768068558504684
131.5,232.6900582909584,-0.030181274368839217
131.600006103516,232.34859347343445,-0.03160445066013085
131.699996948242,231.93105268478394,-0.03334470066703802
131.800003051758,231.413949072361,-0.035499914216351805
131.899993896484,230.83670890331268,-0.03790576829211788
132.0,230.2478551864624,-0.04036002596626752
132.100006103516,229.68235206604004,-0.04271696170996264
132.199996948242,229.163334608078,-0.0448801518924657
132.300003051758,228.7009088397026,-0.046807476044940094
132.399993896484,228.2942759990692,-0.04850226329197298
132.5,227.92840963602066,-0.05002714171853377
132.600006103516,227.6218118071556,-0.05130499741144602
132.699996948242,227.33972084522247,-0.05248071200459799
132.800003051758,227.07786160707474,-0.05357210368029062
132.899993896484,226.82569026947021,-0.05462311757866062
133.0,226.5733344554901,-0.05567490034805497
133.100006103516,226.30666488409042,-0.056786340801501724
133.199996948242,226.02577948570251,-0.05795703077903545
133.300003051758,225.7236088514328,-0.059216434561057706
133.399993896484,225.39857244491577,-0.06057113959601848
133.5,225.05352175235748,-0.062009261299166604
133.600006103516,224.69537889957428,-0.06350194924480201
133.699996948242,224.33334231376648,-0.06501086571015845
133.800003051758,223.9765646457672,-0.0664978637617901
133.899993896484,223.63324093818665,-0.06792878763971706
134.0,223.30702811479568,-0.06928839581115846
134.100006103516,223.00106900930405,-0.07056358939683423
134.199996948242,222.71624344587326,-0.07175070141606894
134.300003051758,222.45862686634064,-0.07282441030031953
134.399993896484,222.23069536685944,-0.07377439603663169
134.5,222.03401082754135,-0.07459414893314051
134.600006103516,221.8699123263359,-0.07527808790537648
134.699996948242,221.74010682106018,-0.07581909859844616
134.800003051758,221.6465723514557,-0.07620893682694918
134.899993896484,221.59103256464005,-0.07644041867738571
135.0,221.5763235092163,-0.07650172390671549
135.100006103516,221.60628706216812,-0.07637684012374452
135.199996948242,221.68031787872314,-0.0760682903184965
135.300003051758,221.79956722259521,-0.07557127618924757
135.399993896484,221.9631182551384,-0.07488961898772521
135.5,222.16932553052902,-0.07403017669567358
135.600006103516,222.41536217927933,-0.07300473129889938
135.699996948242,222.69708865880966,-0.07183053581602654
135.800003051758,223.00926172733307,-0.07052944332537454
135.899993896484,223.34611469507217,-0.06912548856126803
136.0,223.70241278409958,-0.0676404893258761
136.100006103516,224.0744388103485,-0.0660899383082335
136.199996948242,224.45998567342758,-0.06448303438561341
136.300003051758,224.8584299683571,-0.06282237582038862
136.399993896484,225.2705694437027,-0.06110463771117302
136.5,225.69801479578018,-0.059323106907177965
136.600006103516,226.14226180315018,-0.05747154921830455
136.699996948242,226.60528177022934,-0.05554174853101862
136.800003051758,227.08879625797272,-0.053526529626646085
136.899993896484,227.59439688920975,-0.05141925884994845
137.0,228.12280577421188,-0.049216926549080796
137.100006103516,228.673155605793,-0.046923147535763744
137.199996948242,229.2437064051628,-0.04454517379156201
137.300003051758,229.83266109228134,-0.04209049528784363
137.399993896484,230.43618166446686,-0.039575108268268974
137.5,231.05002850294113,-0.03701668285467678
137.600006103516,231.6676830649376,-0.034442387396610125
137.699996948242,232.2670760154724,-0.03194420371094052
137.800003051758,232.80584573745728,-0.02969868893037064
137.899993896484,233.26244032382965,-0.0277956683065499
138.0,233.62609595060349,-0.026280003911101572
138.100006103516,233.84932857751846,-0.025349602400422194
138.199996948242,233.90332561731339,-0.025124550497876853
138.300003051758,233.7887379527092,-0.025602135417815832
138.399993896484,233.523373067379,-0.026708138127207022
138.5,233.16172260046005,-0.02821544530451961
138.600006103516,232.75773912668228,-0.0298991903712096
138.699996948242,232.36757004261017,-0.03152535904672021
138.800003051758,232.0198454260826,-0.03297462528073208
138.899993896484,231.66349416971207,-0.03445984610997011
139.0,231.22591120004654,-0.03628362904730677
139.100006103516,230.70534026622772,-0.038453293893947985
139.199996948242,230.14430022239685,-0.04079162817574935
139.300003051758,229.58444356918335,-0.04312503025550955
139.399993896484,229.0549477338791,-0.0453318928090428
139.5,228.5760058760643,-0.04732805364895526
139.600006103516,228.15100330114365,-0.049099403308785254
139.699996948242,227.77672243118286,-0.05065935219100011
139.800003051758,227.4452509880066,-0.05204087753404835
139.899993896484,227.14627188444138,-0.053286979474713995
140.0,226.87017560005188,-0.05443770911329316
140.100006103516,226.6047523021698,-0.05554395527780676
140.199996948242,226.33883410692215,-0.056652264103423805
140.300003051758,226.06446367502213,-0.05779580063683011
140.399993896484,225.7712077498436,-0.05901804919239497
140.5,225.46229302883148,-0.06030556135884113
140.600006103516,225.13619190454483,-0.06166470398446682
140.699996948242,224.7969697713852,-0.06307853308959945
140.800003051758,224.45202058553696,-0.06451623172736648
140.899993896484,224.11013555526733,-0.06594115940499791
141.0,223.779381275177,-0.06731969571535956
141.100006103516,223.46551311016083,-0.06862785312460977
141.199996948242,223.17236894369125,-0.06984963588593532
141.300003051758,222.8996415734291,-0.07098632437454123
141.399993896484,222.6482628583908,-0.07203403473595428
141.5,222.42350125312805,-0.07297080880867456
141.600006103516,222.22721135616302,-0.07378891689256553
141.699996948242,222.0606580376625,-0.07448308719053262
141.800003051758,221.92534917593002,-0.0750470350824873
141.899993896484,221.82292979955673,-0.0754739043256506
142.0,221.75568211078644,-0.07575418302902046
142.100006103516,221.72564607858658,-0.07587936889508208
142.199996948242,221.73526775836945,-0.07583926711637273
142.300003051758,221.78894752264023,-0.07561553757261984
142.399993896484,221.88666647672653,-0.07520825901410279
142.5,222.02976739406586,-0.07461183495408927
142.600006103516,222.21689981222153,-0.07383189392595528
142.699996948242,222.44583809375763,-0.07287771206671184
142.800003051758,222.71314257383347,-0.07176362540513864
142.899993896484,223.01402312517166,-0.07050959850339134
143.0,223.3427513241768,-0.06913950660784701
143.100006103516,223.6936868429184,-0.06767685779481038
143.199996948242,224.06196093559265,-0.06614194429715796
143.300003051758,224.44395208358765,-0.06454986008405565
143.399993896484,224.8376026749611,-0.06290918098640218
143.5,225.2424984574318,-0.061221633548177876
143.600006103516,225.65961974859238,-0.059483131946527365
143.699996948242,226.09006184339523,-0.057689111149481845
143.800003051758,226.53568756580353,-0.05583180717444876
143.899993896484,226.9981865286827,-0.05390417795780057
144.0,227.47920906543732,-0.0518993451470584
144.100006103516,227.98019689321518,-0.04981129987232339
144.199996948242,228.50182235240936,-0.04763723991545187
144.300003051758,229.04347389936447,-0.04537971410252133
144.399993896484,229.60334706306458,-0.043046243209425517
144.5,230.17948204278946,-0.040644995403944895
144.600006103516,230.76956802606583,-0.03818560182040676
144.699996948242,231.36980164051056,-0.0356839143683632
144.800003051758,231.96631640195847,-0.033197726561214995
144.899993896484,232.5251926779747,-0.03086841055273379
145.0,233.0144686102867,-0.02882917877531294
145.100006103516,233.43313199281693,-0.027084249958430784
145.199996948242,233.73708719015121,-0.025817408373995276
145.300003051758,233.88204777240753,-0.0252132334978397
145.399993896484,233.85561740398407,-0.025323391475411537
145.5,233.66505163908005,-0.026117642199424213
145.600006103516,233.34557616710663,-0.027449170058307878
145.699996948242,232.94759678840637,-0.029107890919497167
145.800003051758,232.5161770582199,-0.03090598636033634
145.899993896484,232.09711402654648,-0.032652580857418255
146.0,231.73134207725525,-0.03417706578100568
146.100006103516,231.39591228961945,-0.03557508893495117
146.199996948242,230.99801295995712,-0.037233476163253315
146.300003051758,230.532937169075,-0.03917184522873014
146.399993896484,230.0007488131523,-0.04138992982128856
146.5,229.45212119817734,-0.043676530883271995
146.600006103516,228.92256027460098,-0.04588366471537022
146.699996948242,228.43651294708252,-0.047909440131958796
146.800003051758,228.00229930877686,-0.04971918018035704
146.899993896484,227.61704128980637,-0.051324880242239156
147.0,227.2747396826744,-0.05275154415237113
147.100006103516,226.96471506357193,-0.054043682214566686
147.199996948242,226.67608338594437,-0.05524665757083881
147.300003051758,226.3983108997345,-0.056404373377736794
147.399993896484,226.1150382757187,-0.057585012968645696
147.5,225.8279029726982,-0.058781751650583004
147.600006103516,225.5322477221489,-0.060014000249512686
147.699996948242,225.21741700172424,-0.06132616945138718
147.800003051758,224.88759970664978,-0.06270080054284649
147.899993896484,224.5534874200821,-0.06409333254166365
148.0,224.22151386737823,-0.06547695060507025
148.100006103516,223.89881068468094,-0.06682193109843226
148.199996948242,223.5918779373169,-0.06810118268352088
148.300003051758,223.30496114492416,-0.0692970106445615
148.399993896484,223.04018729925156,-0.07040054998559163
148.5,222.79613989591599,-0.07141770449332976
148.600006103516,222.57419830560684,-0.07234272514895668
148.699996948242,222.37857723236084,-0.07315804567169604
148.800003051758,222.21073573827744,-0.07385758490038308
148.899993896484,222.07183051109314,-0.07443652192674685
149.0,221.96319848299026,-0.07488928460956729
149.100006103516,221.8866969347,-0.0752081320696461
149.199996948242,221.8447368144989,-0.07538301582101758
149.300003051758,221.83960288763046,-0.07540441329046514
149.399993896484,221.87418860197067,-0.07526026500302725
149.5,221.95176059007645,-0.07493695610361846
149.600006103516,222.07372683286667,-0.07442861833009429
149.699996948242,222.2412452697754,-0.07373042555728836
149.800003051758,222.4522465467453,-0.07285100255554743
149.899993896484,222.70399737358093,-0.07180174128563518
150.0,222.99220329523087,-0.07060054041909712
150.100006103516,223.31148582696915,-0.0692698167073882
150.199996948242,223.65598106384277,-0.06783401006371532
150.300003051758,224.02001506090164,-0.0663167686752904
150.399993896484,224.39901840686798,-0.0647371371916994
150.5,224.78990477323532,-0.06310797898665504
150.600006103516,225.19109028577805,-0.061435895420328526
150.699996948242,225.6023934483528,-0.05972164294256452
150.800003051758,226.0246433019638,-0.05796176622958993
150.899993896484,226.45929658412933,-0.05615019380876016
151.0,226.9078220129013,-0.05428080427428812
151.100006103516,227.37198555469513,-0.052346237331922015
151.199996948242,227.85347282886505,-0.050339467562415106
151.300003051758,228.35355418920517,-0.04825520031370216
151.399993896484,228.87250512838364,-0.046092287371930336
151.5,229.40940499305725,-0.04385456588793713
151.600006103516,229.96278750896454,-0.041548147082142266
151.699996948242,230.53165179491043,-0.03917720248354115
151.800003051758,231.11354476213455,-0.036751956213580676
151.899993896484,231.7006789445877,-0.0343048653117029
152.0,232.2688404917717,-0.03193684962727855
152.100006103516,232.78109163045883,-0.029801860491200063
152.199996948242,233.2323635816574,-0.02792102384592643
152.300003051758,233.60014563798904,-0.02638816108504494
152.399993896484,233.82602566480637,-0.025446725592001274
152.5,233.8849197626114,-0.025201263455372106
152.600006103516,233.77250856161118,-0.025669777187765336
152.699996948242,233.51499938964844,-0.026743038412698993
152.800003051758,233.15142822265625,-0.028258350791914202
152.899993896484,232.7279743552208,-0.030023245661493583
153.0,232.28070664405823,-0.03188739320970236
153.100006103516,231.8494706749916,-0.03368472276060031
153.199996948242,231.4754176735878,-0.035243721919414175
153.300003051758,231.14745312929153,-0.03661063101186837
153.399993896484,230.7844033241272,-0.038123770429904266
153.5,230.32444560527802,-0.04004080810660961
153.600006103516,229.821531355381,-0.04213688243191229
153.699996948242,229.28502386808395,-0.04437296854338423
153.800003051758,228.75988268852234,-0.04656168151754175
153.899993896484,228.27357184886932,-0.04858855521484072
154.0,227.83726686239243,-0.05040701170189205
154.100006103516,227.44849705696106,-0.05202734838510295
154.199996948242,227.09997153282166,-0.05347995268695138
154.300003051758,226.783216714859,-0.054800141250873374
154.399993896484,226.4853475689888,-0.05604161704736602
154.5,226.19586700201035,-0.05724813045246812
154.600006103516,225.90620416402817,-0.05845540353692158
154.699996948242,225.60451239347458,-0.059712811483787265
154.800003051758,225.29482859373093,-0.06100352905987064
154.899993896484,224.97528856992722,-0.06233532596150693
155.0,224.65064585208893,-0.06368839015862737
155.100006103516,224.32257157564163,-0.06505575659891867
155.199996948242,224.00349062681198,-0.06638564014203167
155.300003051758,223.69955199956894,-0.06765241266470798
155.399993896484,223.41508704423904,-0.06883802172119718
155.5,223.15306758880615,-0.06993008115951128
155.600006103516,222.9129108786583,-0.0709310198171317
155.699996948242,222.69394105672836,-0.07184365456919416
155.800003051758,222.49816751480103,-0.07265961055948773
155.899993896484,222.32866841554642,-0.07336605844833216
156.0,222.18662667274475,-0.07395806802107502
156.100006103516,222.07302123308182,-0.07443155916860358
156.199996948242,221.9893588423729,-0.07478025199087762
156.300003051758,221.9375085234642,-0.07499635666925077
156.399993896484,221.9200415611267,-0.07506915645828866
156.5,221.93954515457153,-0.07498786828345723
156.600006103516,221.9989595413208,-0.07474023765727345
156.699996948242,222.10114854574203,-0.07431432857130212
156.800003051758,222.24873381853104,-0.07369921436217168
156.899993896484,222.44106650352478,-0.07289759936912968
157.0,222.6762217283249,-0.0719175061837303
157.100006103516,222.95043647289276,-0.0707746185327523
157.199996948242,223.25886368751526,-0.0694891382228839
157.300003051758,223.59544962644577,-0.06808629639647983
157.399993896484,223.954256772995,-0.06659083976988597
157.5,224.33006596565247,-0.06502452105828976
157.600006103516,224.71874856948853,-0.06340454781879731
157.699996948242,225.11762076616287,-0.06174210582058906
157.800003051758,225.52553921937943,-0.06004196032505078
157.899993896484,225.94277715682983,-0.05830297255842624
158.0,226.37030965089798,-0.056521078559136316
158.100006103516,226.80959302186966,-0.054690208593501564
158.199996948242,227.2622171640396,-0.05280373621056772
158.300003051758,227.72986912727356,-0.05085463002892179
158.399993896484,228.21385914087296,-0.04883742920111396
158.5,228.7152682542801,-0.04674762806841446
158.600006103516,229.23419630527496,-0.044584810521302844
158.699996948242,229.76978796720505,-0.04235254143835727
158.800003051758,230.32074296474457,-0.04005624018028732
158.899993896484,230.88560593128204,-0.03770197250599495
159.0,231.46118986606598,-0.0353030213766436
159.100006103516,232.03153467178345,-0.03292590618438375
159.199996948242,232.5619516968727,-0.03071520424420065
159.300003051758,233.03459459543228,-0.028745296561309877
159.399993896484,233.44643396139145,-0.02702880926489157
159.5,233.7429838180542,-0.02579283207623509
159.600006103516,233.88088703155518,-0.025218071298915037
159.699996948242,233.84567499160767,-0.025364830021481804
159.800003051758,233.6535968184471,-0.02616538424577617
159.899993896484,233.33668875694275,-0.027486211506759096
160.0,232.94062519073486,-0.029136947536780495
160.100006103516,232.49917483329773,-0.030976849190609498
160.199996948242,232.0434780716896,-0.03287612780982935
160.300003051758,231.61174696683884,-0.03467552101552513
160.399993896484,231.24026238918304,-0.03622381535323715
160.5,230.91781479120255,-0.037567730606226826
160.600006103516,230.5629026889801,-0.03904695324778057
160.699996948242,230.12368059158325,-0.040877567833960377
160.800003051758,229.61714726686478,-0.04298872594306157
160.899993896484,229.08662217855453,-0.045199878275221136
161.0,228.56831061840057,-0.047360126377096946
161.100006103516,228.08786070346832,-0.04936257258236871
161.199996948242,227.65475118160248,-0.051167710832106195
161.300003051758,227.2678166627884,-0.0527803983044251
161.399993896484,226.91866159439087,-0.0542356264562765
161.5,226.5970984697342,-0.05557585535155041
161.600006103516,226.29296952486038,-0.05684342109076329
161.699996948242,225.9941584467888,-0.05808882272531661
161.800003051758,225.69349426031113,-0.05934194784941662
161.899993896484,225.3862042427063,-0.06062268848552944
162.0,225.06683081388474,-0.061953791043219665
162.100006103516,224.74327039718628,-0.06330234436471487
162.199996948242,224.41982698440552,-0.06465041003069447
162.300003051758,224.10383886098862,-0.06596740312192301
162.399993896484,223.799422621727,-0.06723616626286041
162.5,223.51381480693817,-0.06842653859334667
162.600006103516,223.24976217746735,-0.06952707200888582
162.699996948242,223.00991147756577,-0.07052673525977311
162.800003051758,222.79220968484879,-0.0714340850482905
162.899993896484,222.5956290960312,-0.07225340469405087
163.0,222.42350947856903,-0.07297077452621854
163.100006103516,222.27773761749268,-0.07357833069591609
163.199996948242,222.15924102067947,-0.07407220748359264
163.300003051758,222.0692263841629,-0.07444737555358168
163.399993896484,222.00915032625198,-0.07469776393008574
163.5,221.98101806640625,-0.07481501514654554
163.600006103516,221.98756778240204,-0.07478771687146264
163.699996948242,222.03153133392334,-0.07460448310623966
163.800003051758,222.11578673124313,-0.07425331871762596
163.899993896484,222.2441611289978,-0.07371827267505535
164.0,222.41754883527756,-0.07299561763091901
164.100006103516,222.635200381279,-0.0720884772634916
164.199996948242,222.89430063962936,-0.07100858461913179
164.300003051758,223.19033467769623,-0.06977475728826035
164.399993896484,223.51760244369507,-0.06841075226762348
164.5,223.8700442314148,-0.06694182554193538
164.600006103516,224.24174231290817,-0.06539264135090858
164.699996948242,224.6277855038643,-0.06378366880501879
164.800003051758,225.02470541000366,-0.062129363673218134
164.899993896484,225.43056523799896,-0.06043779823177968
165.0,225.84478747844696,-0.05871137945690858
165.100006103516,226.2678833603859,-0.05694797661943655
165.199996948242,226.70102912187576,-0.05514268732815372
165.300003051758,227.14551067352295,-0.05329015209243676
165.399993896484,227.6030037999153,-0.051383386482931996
165.5,228.075119972229,-0.04941567411934402
165.600006103516,228.56323873996735,-0.04738126523758285
165.699996948242,229.06799560785294,-0.045277511145286074
165.800003051758,229.589033305645,-0.04310590089347791
165.899993896484,230.12510573863983,-0.04087162802582074
166.0,230.67572039365768,-0.038576745266474234
166.100006103516,231.2396765947342,-0.036226256860321895
166.199996948242,231.80712991952896,-0.03386119294504498
166.300003051758,232.35054177045822,-0.03159633043810407
166.399993896484,232.8416572213173,-0.02954943181171603
166.5,233.28173422813416,-0.027715254085923218
166.600006103516,233.63513642549515,-0.026242324510860202
166.699996948242,233.8448840379715,-0.025368126602578124
166.800003051758,233.88718116283417,-0.025191838264204486
166.899993896484,233.76296710968018,-0.02570954458831677
167.0,233.50071108341217,-0.02680259001987663
167.100006103516,233.13790220022202,-0.028314725309744375
167.199996948242,232.71492731571198,-0.030077623847319986
167.300003051758,232.26025891304016,-0.031972616414267435
167.399993896484,231.80254352092743,-0.03388030839535533
167.5,231.37870609760284,-0.035646801870764015
167.600006103516,231.0197977423668,-0.03714268032062098
167.699996948242,230.70224541425705,-0.038466192792234656
167.800003051758,230.34238696098328,-0.03996603111418471
167.899993896484,229.88536882400513,-0.04187081703606652
168.0,229.3889644742012,-0.0439397590332473
168.100006103516,228.86413073539734,-0.046127190638505434
168.199996948242,228.3528990149498,-0.04825793098585067
168.300003051758,227.88189750909805,-0.050220997579801696
168.399993896484,227.45759576559067,-0.05198942627500995
168.5,227.0755660533905,-0.053581671218177765
168.600006103516,226.72917938232422,-0.055025361087768454
168.699996948242,226.40620458126068,-0.05637147364744969
168.800003051758,226.0960230231285,-0.05766426580896904
168.899993896484,225.79062765836716,-0.05893710980428994
169.0,225.47767400741577,-0.06024145565033284
169.100006103516,225.16197085380554,-0.06155726102835706
169.199996948242,224.84405183792114,-0.06288230180192285
169.300003051758,224.5194503068924,-0.06423519433833963
169.399993896484,224.20080018043518,-0.06556328227571308
169.5,223.89464741945267,-0.06683928298964671
169.600006103516,223.6061408519745,-0.06804173690479441
169.699996948242,223.34003776311874,-0.06915081634040096
169.800003051758,223.0965957045555,-0.07016544785811542
169.899993896484,222.87668311595917,-0.07108201192616888
170.0,222.6789472103119,-0.07190614676645748
170.100006103516,222.50318038463593,-0.07263871763836019
170.199996948242,222.35281056165695,-0.07326543745254538
170.300003051758,222.22894555330276,-0.07378168900808946
170.399993896484,222.13250744342804,-0.07418362919198866
170.5,222.06465405225754,-0.07446643237592378
170.600006103516,222.02709752321243,-0.07462296259214861
170.699996948242,222.02208143472672,-0.07464386892815025
170.800003051758,222.0524456501007,-0.07451731524177842
170.899993896484,222.12110596895218,-0.07423114889922372
171.0,222.23150700330734,-0.07377101325254816
171.100006103516,222.3857969045639,-0.07312795511541324
171.199996948242,222.58544892072678,-0.07229583420183879
171.300003051758,222.82836520671844,-0.07128339402864961
171.399993896484,223.11070477962494,-0.07010664326068583
171.5,223.4273053407669,-0.06878709761702588
171.600006103516,223.77191770076752,-0.06735080282099022
171.699996948242,224.13829106092453,-0.06582381130333634
171.800003051758,224.52104020118713,-0.06422856788738536
171.899993896484,224.9159119129181,-0.06258279933555552
172.0,225.32006454467773,-0.060898349242704916
172.100006103516,225.732135951519,-0.059180894833234014
172.199996948242,226.15209156274796,-0.057430580192827506
172.300003051758,226.580732524395,-0.055644066259954446
172.399993896484,227.01938182115555,-0.053815839024515824
172.5,227.46956634521484,-0.05193953461929655
172.600006103516,227.93275368213654,-0.05000903635855783
172.699996948242,228.41062009334564,-0.048017357825557265
172.800003051758,228.9039821624756,-0.045961095617052986
172.899993896484,229.41323179006577,-0.0438386163479125
173.0,229.93776148557663,-0.04165245195140887
173.100006103516,230.4766045808792,-0.039406631361394405
173.199996948242,231.0289997458458,-0.037104327692439064
173.300003051758,231.5907079577446,-0.03476320858214563
173.399993896484,232.14261984825134,-0.032462919131692844
173.5,232.6517540216446,-0.030340921059054504
173.600006103516,233.1102618575096,-0.02842992628628043
173.699996948242,233.50815719366074,-0.026771555702359104
173.800003051758,233.78274762630463,-0.025627102237466254
173.899993896484,233.8989513516426,-0.02514278180861511
174.0,233.8432235121727,-0.025375047435491637
174.100006103516,233.63525813817978,-0.02624181722988065
174.199996948242,233.3147764801979,-0.027577538727459636
174.300003051758,232.91845440864563,-0.029229352170609502
174.399993896484,232.47586339712143,-0.03107400790676256
174.5,232.01320052146912,-0.03300232028829506
174.600006103516,231.56040197610855,-0.03488951955866582
174.699996948242,231.15214318037033,-0.036591083552927534
174.800003051758,230.81145006418228,-0.038011043503943805
174.899993896484,230.48786276578903,-0.039359708864480036
175.0,230.11706793308258,-0.040905128444358854
175.100006103516,229.65606945753098,-0.04282650384544421
175.199996948242,229.14316481351852,-0.044964216697810575
175.300003051758,228.62112802267075,-0.04713999102590633
175.399993896484,228.1211275458336,-0.049223921163801816
175.5,227.66284024715424,-0.05113399676927699
175.600006103516,227.24995028972626,-0.05285486277996837
175.699996948242,226.87680679559708,-0.05441007124315686
175.800003051758,226.5334649682045,-0.05584107064185649
175.899993896484,226.21052384376526,-0.05718704284220695
176.0,225.89658761024475,-0.058495483951201833
176.100006103516,225.58395266532898,-0.05979850147628603
176.199996948242,225.26842707395554,-0.06111356680042283
176.300003051758,224.9446857571602,-0.062462874087526724
176.399993896484,224.62129080295563,-0.06381073778512415
176.5,224.30208307504654,-0.06514114972522224
176.600006103516,223.99390971660614,-0.06642557199900254
176.699996948242,223.69958800077438,-0.06765226261685701
176.800003051758,223.42727333307266,-0.06878723102049603
176.899993896484,223.17878127098083,-0.06982291022723727
177.0,222.95480436086655,-0.07075641380333864
177.100006103516,222.7536329627037,-0.07159486728275533
177.199996948242,222.57399147748947,-0.07234358717882888
177.300003051758,222.41801071166992,-0.0729936925964868
177.399993896484,222.28797978162766,-0.0735356428275901
177.5,222.18462091684341,-0.07396642772344669
177.600006103516,222.1089804172516,-0.0742816864562823
177.699996948242,222.06240487098694,-0.07447580664025456
177.800003051758,222.04674530029297,-0.0745410734806426
177.899993896484,222.06455439329147,-0.07446684774017344
178.0,222.1188150048256,-0.07424069730849411
178.100006103516,222.2126772403717,-0.07384949299864604
178.199996948242,222.34942948818207,-0.07327952928093187
178.300003051758,222.53055042028427,-0.07252464326282426
178.399993896484,222.75650835037231,-0.07158288308014285
178.5,223.02406072616577,-0.07046776322484097
178.600006103516,223.32851266860962,-0.06919885127817059
178.699996948242,223.6638354063034,-0.06780127429300047
178.800003051758,224.02377915382385,-0.06630108047688697
178.899993896484,224.40231680870056,-0.06472338992683822
179.0,224.794496178627,-0.06308884266876276
179.100006103516,225.19672548770905,-0.06141240870845293
179.199996948242,225.60699033737183,-0.05970248376970157
179.300003051758,226.02471989393234,-0.05796144700527126
179.399993896484,226.4503059387207,-0.05618766552687669
179.5,226.88471907377243,-0.05437709400470834
179.600006103516,227.32944071292877,-0.05252355811875355
179.699996948242,227.78579187393188,-0.050621552056891915
179.800003051758,228.25539815425873,-0.04866430056243618
179.899993896484,228.73962152004242,-0.04664612715625668
180.0,229.23912912607193,-0.04456425123306244
180.100006103516,229.75368785858154,-0.04241964437753074
180.199996948242,230.28240317106247,-0.04021603493096481
180.300003051758,230.82506614923477,-0.03795429361806265
180.399993896484,231.38009810447693,-0.03564100018614281
180.5,231.93523180484772,-0.033327282695147495
180.600006103516,232.46070700883865,-0.031137177555167535
180.699996948242,232.9361057281494,-0.029155784007394454
180.800003051758,233.36385244131088,-0.02737299717370663
180.899993896484,233.69599443674088,-0.025988677065222548
181.0,233.88101208209991,-0.025217550106214202
181.100006103516,233.89570355415344,-0.025156318161844743
181.199996948242,233.7502155303955,-0.025762691338386247
181.300003051758,233.47258931398392,-0.026919797513783823
181.399993896484,233.1063650250435,-0.028446167724028366
181.5,232.68196159601212,-0.030215020229888492
181.600006103516,232.22495049238205,-0.032119776837786176
181.699996948242,231.7606636285782,-0.03405485776856889
181.800003051758,231.31952470541,-0.03589346140911769
181.899993896484,230.93530905246735,-0.03749481703918275
182.0,230.6132606267929,-0.038837068599361424
182.100006103516,230.28558230400085,-0.04020278476171581
182.199996948242,229.87044644355774,-0.041933011373440285
182.300003051758,229.3982470035553,-0.04390107078478949
182.399993896484,228.88099020719528,-0.04605692278274062
182.5,228.36412572860718,-0.04821113965659409
182.600006103516,227.8779170513153,-0.050237587555852434
182.699996948242,227.43629693984985,-0.05207819672007799
182.800003051758,227.03649628162384,-0.05374450841261461
182.899993896484,226.6730151772499,-0.055259445423778836
183.0,226.3350366950035,-0.056668091170616455
183.100006103516,226.01115602254868,-0.05801797927208381
183.199996948242,225.69430869817734,-0.05933855338942415
183.300003051758,225.37662142515182,-0.060662628292055314
183.399993896484,225.05226743221283,-0.06201448912528498
183.5,224.73126423358917,-0.06335238432931407
183.600006103516,224.40791028738022,-0.06470007711147863
183.699996948242,224.09408622980118,-0.06600805068726905
183.800003051758,223.7954808473587,-0.06725259501199844
183.899993896484,223.51680946350098,-0.06841405729512201
184.0,223.26222789287567,-0.0694751166983746
184.100006103516,223.03132265806198,-0.07043749653622983
184.199996948242,222.82454603910446,-0.07129931177045418
184.300003051758,222.64040631055832,-0.07206677969834213
184.399993896484,222.47817713022232,-0.07274292760981377
184.5,222.34110873937607,-0.0733142089662721
184.600006103516,222.23033010959625,-0.07377591837641755
184.699996948242,222.14659333229065,-0.07412492123133727
184.800003051758,222.09103381633759,-0.0743564853099835
184.899993896484,222.06520414352417,-0.07446413967457201
185.0,222.07121074199677,-0.07443910503528034
185.100006103516,222.11197817325592,-0.07426919224003074
185.199996948242,222.19050008058548,-0.07394192421379964
185.300003051758,222.30976843833923,-0.07344483083742413
185.399993896484,222.4733259677887,-0.07276314655772999
185.5,222.6819196343422,-0.07189375813023349
185.600006103516,222.9336531162262,-0.0708445691515872
185.699996948242,223.22468334436417,-0.06963159698145698
185.800003051758,223.54947608709335,-0.0682779075021497
185.899993896484,223.90163624286652,-0.06681015457794463
186.0,224.2747488617897,-0.06525507479817799
186.100006103516,224.66335773468018,-0.0636354088586717
186.199996948242,225.06334936618805,-0.06196830121693895
186.300003051758,225.47192013263702,-0.06026543697358469
186.399993896484,225.88776642084122,-0.058532249401039786
186.5,226.31084841489792,-0.05676890444626522
186.600006103516,226.74182963371277,-0.054972636657809285
186.699996948242,227.18199837207794,-0.05313807660810485
186.800003051758,227.63284569978714,-0.05125900973251699
186.899993896484,228.0958532691002,-0.04932926071733867
187.0,228.57264351844788,-0.04734206747233313
187.100006103516,229.06397813558578,-0.04529425539238886
187.199996948242,229.5702969431877,-0.04318399135980354
187.300003051758,230.09087079763412,-0.0410143143404062
187.399993896484,230.62498301267624,-0.03878821137949467
187.5,231.1721392273903,-0.03650774290236004
187.600006103516,231.7266370654106,-0.034196675594268686
187.699996948242,232.26530307531357,-0.03195159307075288
187.800003051758,232.75854647159576,-0.02989582547362485
187.899993896484,233.20553904771805,-0.028032824648727347
188.0,233.5851604938507,-0.026450617012463498
188.100006103516,233.83265310525894,-0.025419103372551415
188.199996948242,233.9195476770401,-0.02505693928402945
188.300003051758,233.8373430967331,-0.025399556162034174
188.399993896484,233.60994851589203,-0.026347304098608918
188.5,233.2781098484993,-0.027730359979421623
188.600006103516,232.8765600323677,-0.029403961910756476
188.699996948242,232.43111389875412,-0.031260517385499946
188.800003051758,231.9657928943634,-0.033199908465643704
188.899993896484,231.50710254907608,-0.03511166391146352
189.0,231.08613568544388,-0.036866193306570864
189.100006103516,230.73128932714462,-0.0383451419369001
189.199996948242,230.4136382341385,-0.039669066046409525
189.300003051758,230.06578612327576,-0.041118863658489595
189.399993896484,229.62710344791412,-0.04294723001114102
189.5,229.12598568201065,-0.0450358168493116
189.600006103516,228.60553616285324,-0.04720497565709124
189.699996948242,228.09963351488113,-0.04931350519614118
189.800003051758,227.63116979599,-0.05126599465871783
189.899993896484,227.20650970935822,-0.053035916876574996
190.0,226.82208448648453,-0.0546381459639976
190.100006103516,226.4675087928772,-0.05611596650278513
190.199996948242,226.1337821483612,-0.05750689120094719
190.300003051758,225.81080949306488,-0.058852994817379024
190.399993896484,225.4860102534294,-0.06020671137485809
190.5,225.16790598630905,-0.06153252424895496
190.600006103516,224.84150683879852,-0.06289290899255214
190.699996948242,224.5173567533493,-0.06424391996866571
190.800003051758,224.20037096738815,-0.06556507117401561
190.899993896484,223.89738857746124,-0.0668278582369686
191.0,223.61055582761765,-0.06802333592074125
191.100006103516,223.34724080562592,-0.06912079509430098
191.199996948242,223.10875380039215,-0.07011477466177436
191.300003051758,222.8953971862793,-0.07100401437026752
191.399993896484,222.7051705121994,-0.07179685181245224
191.5,222.53673213720322,-0.07249887875501256
191.600006103516,222.39202696084976,-0.07310198913606657
191.699996948242,222.2731630206108,-0.07359739695835478
191.800003051758,222.18090444803238,-0.07398191743139829
191.899993896484,222.11613249778748,-0.07425187761235544
192.0,222.08028155565262,-0.07440129918742948
192.100006103516,222.07498449087143,-0.07442337659225463
192.199996948242,222.10285782814026,-0.07430720452788847
192.300003051758,222.16694474220276,-0.07404009947930057
192.399993896484,222.27037262916565,-0.07360902690892178
192.5,222.4165580868721,-0.07299974692790341
192.600006103516,222.60709816217422,-0.07220560327445986
192.699996948242,222.84226006269455,-0.07122548226561794
192.800003051758,223.11878192424774,-0.07007297888257549
192.899993896484,223.43168330192566,-0.06876885090402479
193.0,223.77463859319687,-0.06733946253233417
193.100006103516,224.1412016749382,-0.06581168028237964
193.199996948242,224.5254875421524,-0.0642100320093205
193.300003051758,224.92261719703674,-0.06255485267489151
193.399993896484,225.3291237950325,-0.06086059158903134
193.5,225.74305135011673,-0.05913540102041045
193.600006103516,226.163927257061,-0.057381250719707996
193.699996948242,226.59219419956207,-0.055596295644889146
193.800003051758,227.02886950969696,-0.05377629570204645
193.899993896484,227.47537261247635,-0.05191533493170531
194.0,227.93301105499268,-0.050007963665477655
194.100006103516,228.40326923131943,-0.0480479951621711
194.199996948242,228.88752561807632,-0.046029684129320354
194.300003051758,229.38630890846252,-0.043950827049644
194.399993896484,229.8994036912918,-0.04181232172601184
194.5,230.42617893218994,-0.039616798219016675
194.600006103516,230.96647888422012,-0.03736490565951041
194.699996948242,231.51759672164917,-0.03506792570818084
194.800003051758,232.06420266628265,-0.03278975067766876
194.899993896484,232.5757023692131,-0.030657893417843567
195.0,233.03927820920944,-0.028725775932117222
195.100006103516,233.4532533288002,-0.027000387121468076
195.199996948242,233.76005905866623,-0.025721664927058917
195.300003051758,233.91403430700302,-0.025079918218078305
195.399993896484,233.8988237977028,-0.025143313435106902
195.5,233.72835266590118,-0.02585381261592712
195.600006103516,233.43446815013885,-0.027078681046717432
195.699996948242,233.0581174492836,-0.02864725668666784
195.800003051758,232.62907564640045,-0.030435441268212547
195.899993896484,232.16926908493042,-0.032351848942682754
196.0,231.70287626981735,-0.03429570717589916
196.100006103516,231.25742501020432,-0.036152284015071735
196.199996948242,230.86568576097488,-0.0377849969133269
196.300003051758,230.53948545455933,-0.03914455291581351
196.399993896484,230.21933698654175,-0.04047888572550038
196.5,229.82757306098938,-0.042111701471123586
196.600006103516,229.34280061721802,-0.04413216335545375
196.699996948242,228.83991903066635,-0.04622810154462676
196.800003051758,228.3238988518715,-0.04837879949826702
196.899993896484,227.8329432606697,-0.05042503185257515
197.0,227.3854148387909,-0.05229026600558538
197.100006103516,226.97908782958984,-0.05398377859115593
197.199996948242,226.60810446739197,-0.05552998393486351
197.300003051758,226.26309263706207,-0.05696794366582815
197.399993896484,225.9319792985916,-0.058347976479921855
197.5,225.608280479908,-0.059697106641003014
197.600006103516,225.28555232286453,-0.061042191223851044
197.699996948242,224.95713913440704,-0.062410970200699516
197.800003051758,224.63427007198334,-0.06375664205692447
197.899993896484,224.31369030475616,-0.06509277245973967
198.0,224.001968562603,-0.06639198388693564
198.100006103516,223.70853406190872,-0.06761497671958902
198.199996948242,223.4371417760849,-0.06874610076810628
198.300003051758,223.19082856178284,-0.06977269885035801
198.399993896484,222.96869939565659,-0.07069850129503617
198.5,222.7709982395172,-0.0715224913043693
198.600006103516,222.59603226184845,-0.07225172435685903
198.699996948242,222.44325971603394,-0.07288845837455393
198.800003051758,222.315793633461,-0.07341971868997105
198.899993896484,222.2146406173706,-0.0738413099254499
199.0,222.1404944062233,-0.07415034067877649
199.100006103516,222.09446895122528,-0.07434216816139698
199.199996948242,222.0781610608101,-0.07441013710522018
199.300003051758,222.09364622831345,-0.07434559715226906
199.399993896484,222.14389771223068,-0.07413615618838934
199.5,222.2319102883339,-0.07376933241850914
199.600006103516,222.36079055070877,-0.07323217800489373
199.699996948242,222.534048974514,-0.07251006179153342
199.800003051758,222.75215005874634,-0.07160104781335784
199.899993896484,223.01316463947296,-0.07051317654841999
200.0,223.31286585330963,-0.06926406495590945
200.100006103516,223.64540231227875,-0.0678781007800783
200.199996948242,224.0042998790741,-0.06638226729489191
200.300003051758,224.383156478405,-0.06480324743019007
200.399993896484,224.77656614780426,-0.06316357246070474
200.5,225.18055337667465,-0.06147981174332831
200.600006103516,225.59252494573593,-0.05976277344337786
200.699996948242,226.0114530324936,-0.05801674137731343
200.800003051758,226.43734967708588,-0.056241665363568984
200.899993896484,226.87091594934464,-0.0544346234438284
201.0,227.3133824467659,-0.052590486664563826
201.100006103516,227.76625335216522,-0.05070298580794959
201.199996948242,228.23097223043442,-0.04876610430295541
201.300003051758,228.70916533470154,-0.04677306416023451
201.399993896484,229.20147114992142,-0.04472120426624476
201.5,229.70807492733002,-0.04260975252045511
201.600006103516,230.22828274965286,-0.040441601070350344
201.699996948242,230.76163512468338,-0.03821866501341891
201.800003051758,231.30764663219452,-0.03594296751141275
201.899993896484,231.85805189609528,-0.033648957464153
202.0,232.3858504295349,-0.03144916902089095
202.100006103516,232.86673122644424,-0.029444926961456015
202.199996948242,233.3031393289566,-0.027626040701586547
202.300003051758,233.66091483831406,-0.02613488379056279
202.399993896484,233.88003146648407,-0.025221637171187573
202.5,233.9325896501541,-0.02500258221420856
202.600006103516,233.82215082645416,-0.025462875361442913
202.699996948242,233.57542502880096,-0.02649119303181437
202.800003051758,233.22764271497726,-0.02794069973986552
202.899993896484,232.8173862695694,-0.029650589650890083
203.0,232.36777824163437,-0.03152449130310533
203.100006103516,231.90055978298187,-0.03347179069994993
203.199996948242,231.44103056192398,-0.03538704245943587
203.300003051758,231.01903516054153,-0.03714585865208641
203.399993896484,230.6627596616745,-0.0386307637349361
203.5,230.35141450166702,-0.039928405621863304
203.600006103516,229.9930897951126,-0.04142185150788491
203.699996948242,229.56511050462723,-0.04320560769043768
203.800003051758,229.06690043210983,-0.04528207568040768
203.899993896484,228.54685509204865,-0.04744954992779439
204.0,228.04012537002563,-0.049561526592638794
204.100006103516,227.57051235437393,-0.05151880615896068
204.199996948242,227.14333003759384,-0.0532992406696341
204.300003051758,226.75587737560272,-0.05491408768825823
204.399993896484,226.3974964618683,-0.056407767837729265
204.5,226.05872482061386,-0.057819719357336194
204.600006103516,225.73119419813156,-0.0591848199260239
204.699996948242,225.40565210580826,-0.06054163258675869
204.800003051758,225.0799355506897,-0.06189917238335398
204.899993896484,224.7512525320053,-0.06326907597381383
205.0,224.42712265253067,-0.06462000273432894
205.100006103516,224.11232393980026,-0.0659320385327333
205.199996948242,223.81360405683517,-0.06717706007918735
205.300003051758,223.53257888555527,-0.06834833261004969
205.399993896484,223.27618837356567,-0.06941693142096558
205.5,223.04521048069,-0.07037961408718227
205.600006103516,222.83955651521683,-0.07123675026300805
205.699996948242,222.65712010860443,-0.07199711898984178
205.800003051758,222.4965289235115,-0.07266643997251855
205.899993896484,222.360127389431,-0.07323494196580388
206.0,222.24964314699173,-0.07369542441181709
206.100006103516,222.16584581136703,-0.07404467966510862
206.199996948242,222.10966515541077,-0.07427883256603102
206.300003051758,222.0824070572853,-0.07439244040205685
206.399993896484,222.08589839935303,-0.07437788899002092
206.5,222.1227046251297,-0.0742244859300011
206.600006103516,222.19594007730484,-0.07391925108919536
206.699996948242,222.30881506204605,-0.07344880437281491
206.800003051758,222.4646958708763,-0.07279911556152463
206.899993896484,222.66500705480576,-0.07196424733142083
207.0,222.9096668958664,-0.0709445402712513
207.100006103516,223.19512796401978,-0.0697547795596542
207.199996948242,223.5160232782364,-0.06841733400233078
207.300003051758,223.86590558290482,-0.06695907483420538
207.399993896484,224.23821622133255,-0.0654073375939
207.5,224.62716430425644,-0.06378625787571855
207.600006103516,225.028145134449,-0.06211502739601486
207.699996948242,225.4379487633705,-0.06040702475903617
207.800003051758,225.85479420423508,-0.05866967286178006
207.899993896484,226.27835547924042,-0.05690433033288376
208.0,226.70912504196167,-0.05510894469661118
208.100006103516,227.14818733930588,-0.053278996134087674
208.199996948242,227.59705650806427,-0.05140817394074733
208.300003051758,228.05693435668945,-0.04949146915165835
208.399993896484,228.5293264389038,-0.047522606835252376
208.5,229.01547175645828,-0.045496423010274775
208.600006103516,229.51577562093735,-0.043411228396284314
208.699996948242,230.0300816297531,-0.04126767485679244
208.800003051758,230.55772233009338,-0.03906854423920809
208.899993896484,231.09816944599152,-0.0368160383218475
209.0,231.64783143997192,-0.03452512611680864
209.100006103516,232.18747299909592,-0.03227597764432498
209.199996948242,232.68711686134338,-0.03019353382479417
209.300003051758,233.14091795682907,-0.028302156069567336
209.399993896484,233.5388766527176,-0.026643521411365268
209.5,233.81681871414185,-0.025485098839341518
209.600006103516,233.93869596719742,-0.024977131962243635
209.699996948242,233.8912290930748,-0.025174967072645008
209.800003051758,233.69536530971527,-0.025991299176260352
209.899993896484,233.3831433057785,-0.02729259562268326
210.0,232.9959051012993,-0.028906548813215104
210.100006103516,232.56025630235672,-0.030722270404916825
210.199996948242,232.09736847877502,-0.0326515203370942
210.300003051758,231.63071012496948,-0.0345964852974232
210.399993896484,231.1868635416031,-0.03644637407659012
210.5,230.79811918735504,-0.038066604682926254
210.600006103516,230.46922636032104,-0.03943738272443803
210.699996948242,230.15221625566483,-0.040758635286614386
210.800003051758,229.7573863863945,-0.042404229445081036
210.899993896484,229.28246992826462,-0.04438361299755266
211.0,228.76770836114883,-0.046529065238575744
211.100006103516,228.25130379199982,-0.04868136527597562
211.199996948242,227.7619816660881,-0.05072078958168205
211.300003051758,227.31517189741135,-0.05258302849141584
211.399993896484,226.90947484970093,-0.05427391548801827
211.5,226.53721523284912,-0.05582544007772693
211.600006103516,226.19013971090317,-0.05727200097879691
211.699996948242,225.8564699292183,-0.058662688680850006
211.800003051758,225.52911901474,-0.060027040252400916
211.899993896484,225.20003008842468,-0.06139863560753792
212.0,224.8721622824669,-0.06276514150849857
212.100006103516,224.546875,-0.06412089215836775
212.199996948242,224.22974264621735,-0.06544265423733601
212.300003051758,223.92148864269257,-0.06672741262823939
212.399993896484,223.63276731967926,-0.06793076161359733
212.5,223.36732864379883,-0.06903707187139826
212.600006103516,223.1274990439415,-0.07003664718033317
212.699996948242,222.91214257478714,-0.07093422199726218
212.800003051758,222.72127485275269,-0.07172973123520357
212.899993896484,222.5529762506485,-0.07243117562443527
213.0,222.4073764681816,-0.07303801459521607
213.100006103516,222.28736007213593,-0.0735382256877
213.199996948242,222.19374603033066,-0.07392839556170143
213.300003051758,222.12722665071487,-0.07420563877717258
213.399993896484,222.0890490412712,-0.07436475756724999
213.5,222.08080518245697,-0.07439911678615357
213.600006103516,222.10461282730103,-0.07429988994357799
213.699996948242,222.1635422706604,-0.07405428049175741
213.800003051758,222.26064550876617,-0.07364956814896945
213.899993896484,222.3991351723671,-0.07307236313190511
214.0,222.5822001695633,-0.07230937452984593
214.100006103516,222.80993115901947,-0.07136022449050497
214.199996948242,223.08012229204178,-0.07023410667425997
214.300003051758,223.3881047964096,-0.06895047985282862
214.399993896484,223.7277660369873,-0.06753482061107681
214.5,224.09252613782883,-0.06601455292642616
214.600006103516,224.47614032030106,-0.06441570413885116
214.699996948242,224.8734072446823,-0.0627599526848845
214.800003051758,225.2804980278015,-0.06106325679937663
214.899993896484,225.69514048099518,-0.05933508663816574
215.0,226.116490483284,-0.05757896037619425
215.100006103516,226.5447958111763,-0.05579384531658067
215.199996948242,226.98080867528915,-0.053976606353564986
215.300003051758,227.4257953763008,-0.05212196572788636
215.399993896484,227.8813197016716,-0.05022340579812481
215.5,228.3485825061798,-0.04827592157412605
215.600006103516,228.8291317820549,-0.04627306124672259
215.699996948242,229.32366400957108,-0.04421192198621508
215.800003051758,229.83210843801498,-0.04209279867140995
215.899993896484,230.35380232334137,-0.039918453524252176
216.0,230.88864719867706,-0.03768929694051955
216.100006103516,231.43544965982437,-0.03541030285741707
216.199996948242,231.98234105110168,-0.033130938126311904
216.300003051758,232.50025188922882,-0.030972360176260556
216.399993896484,232.97082263231277,-0.02901108893962551
216.5,233.39626717567444,-0.027237897218843805
216.600006103516,233.72944217920303,-0.02584927168104697
216.699996948242,233.9166266322136,-0.02506911377911515
216.800003051758,233.93522536754608,-0.024991596922868755
216.899993896484,233.79249680042267,-0.025586469080688696
217.0,233.5236343741417,-0.026707049038169624
217.100006103516,233.1645386815071,-0.028203708283383463
217.199996948242,232.74556881189346,-0.029949914494387494
217.300003051758,232.29092621803284,-0.03184479949391861
217.399993896484,231.82240331172943,-0.0337975356411244
217.5,231.36472100019455,-0.03570508974711746
217.600006103516,230.9480201601982,-0.0374418389687338
217.699996948242,230.59825664758682,-0.03889960302863578
217.800003051758,230.28705650568008,-0.040196640500958065
217.899993896484,229.92109578847885,-0.041721912182068624
218.0,229.4858439564705,-0.04353597927263233
218.100006103516,228.98398876190186,-0.045627639607511546
218.199996948242,228.46363258361816,-0.047796409383942515
218.300003051758,227.95903545618057,-0.04989949770100657
218.399993896484,227.49325096607208,-0.05184082052301959
218.5,227.06896662712097,-0.05360917667853831
218.600006103516,226.68287402391434,-0.05521835516758777
218.699996948242,226.32524901628494,-0.05670888480903593
218.800003051758,225.98508697748184,-0.058126631305827015
218.899993896484,225.6554560661316,-0.059500485576706966
219.0,225.3280702829361,-0.06086498247606054
219.100006103516,224.99715512990952,-0.06224418928170321
219.199996948242,224.67252999544144,-0.06359718019386333
219.300003051758,224.34776109457016,-0.0649507703037329
219.399993896484,224.03468465805054,-0.06625562790238006
219.5,223.73854672908783,-0.06748988823557635
219.600006103516,223.46471059322357,-0.06863119789988338
219.699996948242,223.21367865800858,-0.0696774629328248
219.800003051758,222.9887534379959,-0.07061491892831143
219.899993896484,222.78925681114197,-0.07144639220157556
220.0,222.6128186583519,-0.07218176106842084
220.100006103516,222.45832711458206,-0.07282565962257524
220.199996948242,222.3285738825798,-0.07336645244815271
220.300003051758,222.2249186038971,-0.07379847275454375
220.399993896484,222.1480985879898,-0.07411864754188689
220.5,222.09906524419785,-0.07432301147276998
220.600006103516,222.07922679185867,-0.07440569529135416
220.699996948242,222.09043848514557,-0.07435896656484334
220.800003051758,222.13545507192612,-0.07417134389997991
220.899993896484,222.21736079454422,-0.07382997261787698
221.0,222.33945125341415,-0.07332111712958231
221.100006103516,222.50463664531708,-0.07263264815310433
221.199996948242,222.71505457162857,-0.07175565647308078
221.300003051758,222.96909749507904,-0.07069684207384987
221.399993896484,223.26309353113174,-0.06947150884251461
221.5,223.59139269590378,-0.06810320510000205
221.600006103516,223.9474571943283,-0.06661917943667617
221.699996948242,224.324676156044,-0.06504698501022764
221.800003051758,224.71743243932724,-0.06341003326018299
221.899993896484,225.12143224477768,-0.06172622012542816
222.0,225.53372740745544,-0.060007833133784265
222.100006103516,225.9528710246086,-0.05826090276800286
222.199996948242,226.3786996603012,-0.056486110205579504
222.300003051758,226.8117452263832,-0.0546812385143587
222.399993896484,227.2531762123108,-0.05284141759819784
222.5,227.70442938804626,-0.050960659206356416
222.600006103516,228.16691136360168,-0.049033100790432604
222.699996948242,228.64219999313354,-0.04705216608103818
222.800003051758,229.13109058141708,-0.04501454036215446
222.899993896484,229.634082198143,-0.042918143583026376
223.0,230.15067982673645,-0.04076503890160458
223.100006103516,230.6801056265831,-0.038558468245794626
223.199996948242,231.22209882736206,-0.03629951846882158
223.300003051758,231.7711917757988,-0.034010977963837466
223.399993896484,232.30422657728195,-0.03178936550781644
223.5,232.7932643890381,-0.029751126182654804
223.600006103516,233.23775374889374,-0.027898558403446985
223.699996948242,233.61672961711884,-0.026319041443132962
223.800003051758,233.86458986997604,-0.02528599552649126
223.899993896484,233.95271837711334,-0.024918688572720157
224.0,233.87295192480087,-0.025251143683600173
224.100006103516,233.648956656456,-0.02618472377416858
224.199996948242,233.321147441864,-0.02755098547473604
224.300003051758,232.92346096038818,-0.02920848558238295
224.399993896484,232.48052614927292,-0.031054574225827913
224.5,232.01454782485962,-0.03299670492136958
224.600006103516,231.54900187253952,-0.034937033552158214
224.699996948242,231.11058497428894,-0.03676429218400267
224.800003051758,230.73087829351425,-0.038346855066006366
224.899993896484,230.40713906288147,-0.03969615365828446
225.0,230.0835177898407,-0.04104496062026944
225.100006103516,229.67643022537231,-0.04274164309090321
225.199996948242,229.19356834888458,-0.04475414200534179
225.300003051758,228.6762351989746,-0.046910312233917215
225.399993896484,228.1618223786354,-0.04905431094849007
225.5,227.67732399702072,-0.05107363058113366
225.600006103516,227.2350510954857,-0.052916960480563956
225.699996948242,226.83370333909988,-0.054589720255914145
225.800003051758,226.46394711732864,-0.05613081105466234
225.899993896484,226.11728209257126,-0.057575661062438395
226.0,225.78365486860275,-0.05896617139004516
226.100006103516,225.45460253953934,-0.06033761421309527
226.199996948242,225.12689781188965,-0.06170344042710193
226.300003051758,224.79590821266174,-0.06308295751381388
226.399993896484,224.4698811173439,-0.06444179159733546
226.5,224.1525827050209,-0.06576424578443743
226.600006103516,223.85057908296585,-0.06702295348354848
226.699996948242,223.56573182344437,-0.0682101559289715
226.800003051758,223.30534672737122,-0.06929540359232998
226.899993896484,223.0705434679985,-0.07027402983640503
227.0,222.86154621839523,-0.07114510034005851
227.100006103516,222.67630863189697,-0.07191714398212981
227.199996948242,222.5133591890335,-0.07259629384431494
227.300003051758,222.37379652261734,-0.0731779709829238
227.399993896484,222.26003754138947,-0.07365210206963127
227.5,222.1728178858757,-0.07401562106043653
227.600006103516,222.11291325092316,-0.07426529497068342
227.699996948242,222.0816302895546,-0.07439567785833773
227.800003051758,222.08056670427322,-0.07440011072895436
227.899993896484,222.1120777130127,-0.07426877737262827
228.0,222.17921549081802,-0.07398895676236629
228.100006103516,222.2851683497429,-0.07354736047168589
228.199996948242,222.4334361553192,-0.07292940156397718
228.300003051758,222.62588888406754,-0.07212728624581624
228.399993896484,222.8631061911583,-0.07113859859774857
228.5,223.14215677976608,-0.06997555584371809
228.600006103516,223.45789343118668,-0.06865961085163388
228.699996948242,223.80399310588837,-0.06721711714164973
228.800003051758,224.17384958267212,-0.06567560849441594
228.899993896484,224.561425447464,-0.06406024798422238
229.0,224.96177339553833,-0.06239165526624294
229.100006103516,225.37134659290314,-0.0606846130348798
229.199996948242,225.78809922933578,-0.05894764793316001
229.300003051758,226.21146190166473,-0.05718313315167991
229.399993896484,226.641819357872,-0.055389465116138285
229.5,227.0800986289978,-0.05356278009437306
229.600006103516,227.52765381336212,-0.051697434399169
229.699996948242,227.9857365489006,-0.04978821138346945
229.800003051758,228.45582973957062,-0.047828930516671905
229.899993896484,228.9392647743225,-0.04581404276095057
230.0,229.4365901350975,-0.04374126212239072
230.100006103516,229.94762653112411,-0.041611335859163996
230.199996948242,230.47185462713242,-0.039426428486047514
230.300003051758,231.00921094417572,-0.03718680457416919
230.399993896484,231.55697041749954,-0.03490382180183668
230.5,232.1001091003418,-0.032640097820228434
230.600006103516,232.60827213525772,-0.03052214731321198
230.699996948242,233.0695881843567,-0.02859944831121621
230.800003051758,233.4821718931198,-0.026879858700952323
230.899993896484,233.7873608469963,-0.025607874996538466
231.0,233.94206058979034,-0.024963108698769176
231.100006103516,233.92740887403488,-0.02502417494460124
231.199996948242,233.75819033384323,-0.02572945350358731
231.300003051758,233.4662607908249,-0.026946173888908284
231.399993896484,233.09209126234055,-0.028505658715848994
231.5,232.66488182544708,-0.030286206259257827
231.600006103516,232.20550006628036,-0.03220084341877148
231.699996948242,231.7365066409111,-0.03415554062183065
231.800003051758,231.28279691934586,-0.036046537543687425
231.899993896484,230.87542045116425,-0.03774442412348276
232.0,230.53578662872314,-0.03915996909038119
232.100006103516,230.22266417741776,-0.04046501847204314
232.199996948242,229.8518362045288,-0.042010576175440385
232.300003051758,229.38420790433884,-0.043959583732919374
232.399993896484,228.88691049814224,-0.0460322478608135
232.5,228.36813056468964,-0.048194448075293286
232.600006103516,227.86770337820053,-0.05028015667770035
232.699996948242,227.4081792831421,-0.05219538707275718
232.800003051758,226.98980855941772,-0.053939096129791336
232.899993896484,226.6075483560562,-0.055532301726998294
233.0,226.25269800424576,-0.057011267001708346
233.100006103516,225.91329020261765,-0.0584258699463372
233.199996948242,225.58290833234787,-0.0598028541060817
233.300003051758,225.25506377220154,-0.061169263121840574
233.399993896484,224.92293226718903,-0.06255353950777207
233.5,224.597898542881,-0.06390823336367109
233.600006103516,224.27463895082474,-0.06525553289128587
233.699996948242,223.96420335769653,-0.06654938383416412
233.800003051758,223.67199212312698,-0.06776727826939173
233.899993896484,223.40309113264084,-0.06888801895693818
234.0,223.15807002782822,-0.06990923171251273
234.100006103516,222.93812596797943,-0.07082592694822398
234.199996948242,222.7439414858818,-0.07163525996549361
234.300003051758,222.57257914543152,-0.07234947357589575
234.399993896484,222.42337256669998,-0.07297134515521464
234.5,222.29942911863327,-0.07348792363620882
234.600006103516,222.2018016576767,-0.07389482086450862
234.699996948242,222.131149828434,-0.07418928753619597
234.800003051758,222.0885425209999,-0.07436686867095432
234.899993896484,222.07542538642883,-0.07442153900292763
235.0,222.09388434886932,-0.07434460470000985
235.100006103516,222.1466969847679,-0.07412448922270679
235.199996948242,222.23700577020645,-0.0737480951822799
235.300003051758,222.36789274215698,-0.0732025770915153
235.399993896484,222.54299592971802,-0.07247277216791151
235.5,222.76294487714767,-0.07155605656146553
235.600006103516,223.02608263492584,-0.07045933619967523
235.699996948242,223.32813704013824,-0.06920041684366185
235.800003051758,223.6632269024849,-0.06780381044947464
235.899993896484,224.0247339606285,-0.06629710097932993
236.0,224.40622115135193,-0.0647071171877174
236.100006103516,224.80217796564102,-0.06305682608435338
236.199996948242,225.2085758447647,-0.06136301812312922
236.300003051758,225.62285959720612,-0.0596363429751088
236.399993896484,226.04388558864594,-0.057881567143795914
236.5,226.471664249897,-0.05609864715506154
236.600006103516,226.90682739019394,-0.05428494971880615
236.699996948242,227.35061526298523,-0.05243530563687961
236.800003051758,227.80439692735672,-0.05054400886774452
236.899993896484,228.2696505188942,-0.04860489875468591
237.0,228.74794745445251,-0.04661142585806374
237.100006103516,229.23994880914688,-0.04456083491179366
237.199996948242,229.74582213163376,-0.04245242759715212
237.300003051758,230.2648937702179,-0.04028901159760184
237.399993896484,230.79675233364105,-0.03807230153279067
237.5,231.341002702713,-0.035803944202725195
237.600006103516,231.889375269413,-0.03351840614530175
237.699996948242,232.41500169038773,-0.03132767075466306
237.800003051758,232.8940034508705,-0.029331260249038333
237.899993896484,233.32907330989838,-0.027517951595708016
238.0,233.68573051691055,-0.026031455608160455
238.100006103516,233.9038558602333,-0.02512234052158199
238.199996948242,233.95572924613953,-0.02490613970327785
238.300003051758,233.84516257047653,-0.025366965719121972
238.399993896484,233.59891825914383,-0.0263932766236987
238.5,233.2520673274994,-0.027838901464665368
238.600006103516,232.84277838468552,-0.029544758963907305
238.699996948242,232.39359068870544,-0.03141690873293557
238.800003051758,231.92544132471085,-0.0333680880094759
238.899993896484,231.46229201555252,-0.03529842777596146
239.0,231.03207689523697,-0.037091502575959896
239.100006103516,230.6647520661354,-0.038622459679449536
239.199996948242,230.35087192058563,-0.039930667021842184
239.300003051758,230.00363862514496,-0.041377885500166266
239.399993896484,229.587448656559,-0.043112505483155886
239.5,229.095640540123,-0.04516229104013325
239.600006103516,228.57578271627426,-0.0473289837468923
239.699996948242,228.06430798768997,-0.04946073691723148
239.800003051758,227.58708775043488,-0.05144972229004628
239.899993896484,227.15166878700256,-0.05326448596036839
240.0,226.7563105225563,-0.05491228239399848
